"month","day","year","36015020","36025010","37050010","37055010"
"01","01","2005",NA,0,0,0
"01","02","2005",NA,0,0,0
"01","03","2005",NA,0,3,0
"01","04","2005",NA,0,0,0
"01","05","2005",NA,40,21,2.2
"01","06","2005",NA,10,0,0
"01","07","2005",NA,0,0,0
"01","08","2005",NA,15.5,0,0
"01","09","2005",NA,10.5,0,0
"01","10","2005",NA,0,0,0
"01","11","2005",NA,0,0,0.1
"01","12","2005",NA,0,0,0
"01","13","2005",NA,50.5,0,8
"01","14","2005",NA,51,5,2
"01","15","2005",NA,40.2,10,0.8
"01","16","2005",NA,25,1,0
"01","17","2005",NA,0,0,0
"01","18","2005",NA,0,0,0
"01","19","2005",NA,0,0,0
"01","20","2005",NA,0,0,0
"01","21","2005",NA,0,0,0
"01","22","2005",NA,0,0,0
"01","23","2005",NA,70.1,0,0
"01","24","2005",NA,0,9,0
"01","25","2005",NA,0,0,0
"01","26","2005",NA,0,0,0
"01","27","2005",NA,0,0,0
"01","28","2005",NA,0,0,0
"01","29","2005",NA,0,0,0
"01","30","2005",NA,0,0,0
"01","31","2005",NA,0,0,0
"02","01","2005",NA,0,0,0
"02","02","2005",NA,0,0,0
"02","03","2005",NA,0,0,0
"02","04","2005",NA,0,0,0
"02","05","2005",NA,0,0,0
"02","06","2005",NA,0,0,0
"02","07","2005",NA,25,0,0
"02","08","2005",NA,32.5,14,5.4
"02","09","2005",NA,10,0,2.2
"02","10","2005",NA,30,8,3.6
"02","11","2005",NA,21,6,0.1
"02","12","2005",NA,0,10,2.2
"02","13","2005",NA,0,0,0
"02","14","2005",NA,0,0,0
"02","15","2005",NA,0,0,0
"02","16","2005",NA,0,0,0
"02","17","2005",NA,0,0,0
"02","18","2005",NA,0,0,0
"02","19","2005",NA,0,0,0
"02","20","2005",NA,0,0,0
"02","21","2005",NA,0,0,0
"02","22","2005",NA,0,0,0
"02","23","2005",NA,0,0,0
"02","24","2005",NA,0,0,0
"02","25","2005",NA,0,0,0
"02","26","2005",NA,0,0,0
"02","27","2005",NA,0,0,0
"02","28","2005",NA,0,0,0
"03","01","2005",NA,0,0,0
"03","02","2005",NA,10.5,0,0
"03","03","2005",NA,0,0,0
"03","04","2005",NA,0,0,0
"03","05","2005",NA,0,0,0
"03","06","2005",NA,0,0,0
"03","07","2005",NA,0,0,0
"03","08","2005",NA,0,0,0
"03","09","2005",NA,0,0,0
"03","10","2005",NA,0,0,0
"03","11","2005",NA,0,0,0
"03","12","2005",NA,0,0,0
"03","13","2005",NA,0,0,0
"03","14","2005",NA,0,0,0
"03","15","2005",NA,0,0,0
"03","16","2005",NA,0,0,0
"03","17","2005",NA,0,0,0
"03","18","2005",NA,0,0,0
"03","19","2005",NA,0,0,0
"03","20","2005",NA,0,0,0
"03","21","2005",NA,0,0,0
"03","22","2005",NA,0,0,0
"03","23","2005",NA,20,0,2.2
"03","24","2005",NA,0,0,0
"03","25","2005",NA,0,0,0
"03","26","2005",NA,0,0,0
"03","27","2005",NA,0,0,0
"03","28","2005",NA,0,0,0
"03","29","2005",NA,0,0,0
"03","30","2005",NA,0,0,0
"03","31","2005",NA,0,0,0
"04","01","2005",NA,NA,0,0
"04","02","2005",NA,NA,0,34.2
"04","03","2005",NA,NA,36,0
"04","04","2005",NA,NA,3,2.8
"04","05","2005",NA,NA,8,2.8
"04","06","2005",NA,NA,3,10.6
"04","07","2005",NA,NA,0,0
"04","08","2005",NA,NA,0,19
"04","09","2005",NA,NA,13,0
"04","10","2005",NA,NA,3,16.1
"04","11","2005",NA,NA,0,0.2
"04","12","2005",NA,NA,3,22
"04","13","2005",NA,NA,2,1.1
"04","14","2005",NA,NA,9,30.4
"04","15","2005",NA,NA,0,0
"04","16","2005",NA,NA,0,0
"04","17","2005",NA,NA,0,0
"04","18","2005",NA,NA,0,0
"04","19","2005",NA,NA,4,1
"04","20","2005",NA,NA,7,3.7
"04","21","2005",NA,NA,0,0.2
"04","22","2005",NA,NA,40,17.8
"04","23","2005",NA,NA,27,0
"04","24","2005",NA,NA,0,0
"04","25","2005",NA,NA,2,0
"04","26","2005",NA,NA,5,0
"04","27","2005",NA,NA,12,8.8
"04","28","2005",NA,NA,0,0
"04","29","2005",NA,NA,14,3.4
"04","30","2005",NA,NA,0,0.1
"05","01","2005",NA,NA,14,23.2
"05","02","2005",NA,NA,0,2.4
"05","03","2005",NA,NA,12,30.7
"05","04","2005",NA,NA,0,4.5
"05","05","2005",NA,NA,11,2.2
"05","06","2005",NA,NA,0,23.7
"05","07","2005",NA,NA,0,0
"05","08","2005",NA,NA,0,0.2
"05","09","2005",NA,NA,11,7.8
"05","10","2005",NA,NA,7,0.4
"05","11","2005",NA,NA,0,0.8
"05","12","2005",NA,NA,8,0
"05","13","2005",NA,NA,10,31
"05","14","2005",NA,NA,0,0.1
"05","15","2005",NA,NA,2,0
"05","16","2005",NA,NA,9,7.8
"05","17","2005",NA,NA,0,0
"05","18","2005",NA,NA,30,26.2
"05","19","2005",NA,NA,0,0
"05","20","2005",NA,NA,0,0
"05","21","2005",NA,NA,0,0
"05","22","2005",NA,NA,0,0
"05","23","2005",NA,NA,0,2.1
"05","24","2005",NA,NA,0,0
"05","25","2005",NA,NA,0,0
"05","26","2005",NA,NA,9,0
"05","27","2005",NA,NA,77,18.9
"05","28","2005",NA,NA,7,0.5
"05","29","2005",NA,NA,0,0
"05","30","2005",NA,NA,30,28.7
"05","31","2005",NA,NA,52,21.6
"06","01","2005",NA,20,0,6
"06","02","2005",NA,0,2,0.5
"06","03","2005",NA,11,4,4.7
"06","04","2005",NA,50,16,26.4
"06","05","2005",NA,0,0,0
"06","06","2005",NA,20,2,6.7
"06","07","2005",NA,0,0,0
"06","08","2005",NA,10,30,37.5
"06","09","2005",NA,0,2,4.8
"06","10","2005",NA,0,1,8.1
"06","11","2005",NA,0,1,0.3
"06","12","2005",NA,0,4,0.3
"06","13","2005",NA,0,0,0
"06","14","2005",NA,0,0,4.7
"06","15","2005",NA,50,0,0.7
"06","16","2005",NA,58.5,25,1.2
"06","17","2005",NA,10,3,0.8
"06","18","2005",NA,27,47,2
"06","19","2005",NA,18,29,3.3
"06","20","2005",NA,10,26,47.7
"06","21","2005",NA,10,0,8.3
"06","22","2005",NA,NA,0,0
"06","23","2005",NA,NA,1,5.3
"06","24","2005",NA,0,3,15.1
"06","25","2005",NA,0,16,9.3
"06","26","2005",NA,0,14,23.6
"06","27","2005",NA,0,0,0
"06","28","2005",NA,0,0,3.4
"06","29","2005",NA,35.5,62,23.7
"06","30","2005",NA,35.5,26,40.2
"07","01","2005",NA,NA,0,0
"07","02","2005",NA,NA,0,0
"07","03","2005",NA,NA,0,0
"07","04","2005",NA,NA,0,0
"07","05","2005",NA,NA,6,0
"07","06","2005",NA,NA,26,0
"07","07","2005",NA,NA,0,0
"07","08","2005",NA,NA,0,8.1
"07","09","2005",NA,NA,0,0
"07","10","2005",NA,NA,0,0
"07","11","2005",NA,NA,0,0.4
"07","12","2005",NA,NA,0,0.4
"07","13","2005",NA,NA,0,0
"07","14","2005",NA,NA,0,0
"07","15","2005",NA,NA,0,2.5
"07","16","2005",NA,NA,0,0.4
"07","17","2005",NA,NA,0,4.1
"07","18","2005",NA,NA,39,36.5
"07","19","2005",NA,NA,15,15.1
"07","20","2005",NA,NA,0,1.7
"07","21","2005",NA,NA,0,0.6
"07","22","2005",NA,NA,17,60.1
"07","23","2005",NA,NA,19,29.9
"07","24","2005",NA,NA,0,0
"07","25","2005",NA,NA,45,0
"07","26","2005",NA,NA,0,25.1
"07","27","2005",NA,NA,1,2.1
"07","28","2005",NA,NA,1,4.1
"07","29","2005",NA,NA,0,0.6
"07","30","2005",NA,NA,0,3.5
"07","31","2005",NA,NA,2,8.9
"08","01","2005",NA,0,0,0.1
"08","02","2005",NA,59.5,1,6.8
"08","03","2005",NA,2.5,0,1.5
"08","04","2005",NA,0,57,6.5
"08","05","2005",NA,4.5,30,0.7
"08","06","2005",NA,20,0,0
"08","07","2005",NA,1.8,54,38.7
"08","08","2005",NA,0,0,3.1
"08","09","2005",NA,0,0,4.9
"08","10","2005",NA,0,0,0
"08","11","2005",NA,0,0,5.1
"08","12","2005",NA,0,0,0
"08","13","2005",NA,0,0,0
"08","14","2005",NA,7,29,72.7
"08","15","2005",NA,0,5,0
"08","16","2005",NA,21,16,3.2
"08","17","2005",NA,0,0,0
"08","18","2005",NA,10,15,26
"08","19","2005",NA,0,0,0
"08","20","2005",NA,0,3,0
"08","21","2005",NA,0,0,0
"08","22","2005",NA,0,0,0
"08","23","2005",NA,0,0,0.2
"08","24","2005",NA,2.4,15,69
"08","25","2005",NA,0,0,0
"08","26","2005",NA,0,0,0
"08","27","2005",NA,0,0,18.1
"08","28","2005",NA,0,29,1
"08","29","2005",NA,0,0,0
"08","30","2005",NA,3.5,0,0.8
"08","31","2005",NA,2,0,0
"09","01","2005",NA,0,0,10.5
"09","02","2005",NA,27,8,0.4
"09","03","2005",NA,23.5,0,31.9
"09","04","2005",NA,0,0,0
"09","05","2005",NA,0,19,5.5
"09","06","2005",NA,10,3,54.5
"09","07","2005",NA,23,1,5.3
"09","08","2005",NA,5,0,0
"09","09","2005",NA,15,20,15.4
"09","10","2005",NA,0,0,0
"09","11","2005",NA,6,4,0.1
"09","12","2005",NA,7,0,8.5
"09","13","2005",NA,0,0,1.3
"09","14","2005",NA,10,0,0
"09","15","2005",NA,0,20,2.9
"09","16","2005",NA,0,0,0
"09","17","2005",NA,0,0,27.9
"09","18","2005",NA,0,0,1.1
"09","19","2005",NA,0,0,1.2
"09","20","2005",NA,0,0,0
"09","21","2005",NA,0,0,0
"09","22","2005",NA,10,26,1.5
"09","23","2005",NA,10,0,0
"09","24","2005",NA,0,0,0
"09","25","2005",NA,0,0,0
"09","26","2005",NA,0,0,0
"09","27","2005",NA,29.5,22,14.4
"09","28","2005",NA,10,3,6.1
"09","29","2005",NA,0,3,6.2
"09","30","2005",NA,55,0,0
"10","01","2005",NA,0,0,0
"10","02","2005",NA,0,0,0
"10","03","2005",NA,0,0,0
"10","04","2005",NA,0,0,0
"10","05","2005",NA,0,0,0
"10","06","2005",NA,6,0,4.1
"10","07","2005",NA,0,0,6.9
"10","08","2005",NA,5,29,55.4
"10","09","2005",NA,0,0,0
"10","10","2005",NA,10,50,18.5
"10","11","2005",NA,42,15,0
"10","12","2005",NA,6,13,0
"10","13","2005",NA,0,0,0
"10","14","2005",NA,45,1,108.1
"10","15","2005",6.7,4,0,19.4
"10","16","2005",1.2,0,0,0
"10","17","2005",1.2,0,0,0
"10","18","2005",0,0,0,0
"10","19","2005",NA,0,0,0
"10","20","2005",NA,0,0,0
"10","21","2005",NA,10,0,0
"10","22","2005",NA,0,16,0.9
"10","23","2005",NA,44,10,2.2
"10","24","2005",NA,8,0,4.6
"10","25","2005",NA,0,19,4.5
"10","26","2005",NA,0,0,0
"10","27","2005",NA,0,0,0
"10","28","2005",13.6,0,0,19.5
"10","29","2005",13.4,0,0,1.7
"10","30","2005",NA,0,0,0
"10","31","2005",0.2,10,5,0.2
"11","01","2005",NA,10,16,0
"11","02","2005",NA,85,0,0
"11","03","2005",NA,0,0,0.5
"11","04","2005",56.5,0,0,1.5
"11","05","2005",0.1,0,13,0
"11","06","2005",0.3,3,2,14.5
"11","07","2005",0,0,0,0
"11","08","2005",NA,2,10,3.3
"11","09","2005",NA,73,52,32.9
"11","10","2005",NA,0,0,0
"11","11","2005",NA,0,1,0
"11","12","2005",NA,0,5,8.4
"11","13","2005",NA,10,9,10.1
"11","14","2005",NA,40,1,0
"11","15","2005",NA,2.5,0,0
"11","16","2005",NA,0,0,0
"11","17","2005",NA,10,0,0
"11","18","2005",NA,0,9,0
"11","19","2005",NA,2.9,0,16.4
"11","20","2005",2.6,0,8,0
"11","21","2005",0,10,58,4.6
"11","22","2005",0,0,0,0
"11","23","2005",2.3,0,24,0
"11","24","2005",0.6,29,0,0
"11","25","2005",NA,0,0,0
"11","26","2005",NA,0,0,0
"11","27","2005",NA,0,0,0
"11","28","2005",NA,0,0,0
"11","29","2005",NA,0,0,0
"11","30","2005",NA,0,0,0
"12","01","2005",0,0,0,0
"12","02","2005",0,0,0,0
"12","03","2005",0,0,0,0
"12","04","2005",0,0,0,0
"12","05","2005",0,0,0,0
"12","06","2005",0,0,0,0
"12","07","2005",0,10,0,0.5
"12","08","2005",0,0,0,0
"12","09","2005",0,0,0,0
"12","10","2005",0,0,0,2.2
"12","11","2005",42.6,21,0,7.1
"12","12","2005",0.1,10,0,0
"12","13","2005",0,0,0,0
"12","14","2005",0,0,0,0
"12","15","2005",NA,0,0,0
"12","16","2005",NA,0,0,0
"12","17","2005",NA,0,0,0
"12","18","2005",0,15,0,0
"12","19","2005",0,0,0,0
"12","20","2005",NA,0,0,0
"12","21","2005",0,0,0,0
"12","22","2005",0,0,0,0
"12","23","2005",0,0,0,0
"12","24","2005",0,0,0,0
"12","25","2005",0,0,0,0
"12","26","2005",NA,0,0,0
"12","27","2005",0,0,0,0
"12","28","2005",NA,0,0,0
"12","29","2005",NA,0,0,0
"12","30","2005",0,0,0,0
"12","31","2005",NA,0,0,0
"01","01","2006",NA,0,0,0
"01","02","2006",NA,0,0,0.5
"01","03","2006",0,0,0,0
"01","04","2006",0,0,1,0.8
"01","05","2006",0,10,0,0
"01","06","2006",NA,0,0,0
"01","07","2006",0,0,0,0
"01","08","2006",0,0,9,0
"01","09","2006",0,0,0,0
"01","10","2006",0,0,0,0
"01","11","2006",NA,0,0,0
"01","12","2006",0,0,0,0
"01","13","2006",0,0,0,0
"01","14","2006",0,0,0,0
"01","15","2006",0,0,0,0
"01","16","2006",0,0,0,0
"01","17","2006",NA,0,0,0
"01","18","2006",NA,0,0,0
"01","19","2006",NA,0,0,0
"01","20","2006",NA,0,0,0
"01","21","2006",0,0,0,0
"01","22","2006",0,10,0,0
"01","23","2006",0,0,9,0
"01","24","2006",0,0,0,0
"01","25","2006",0,6.5,4,0.4
"01","26","2006",5.6,0,0,0.3
"01","27","2006",0.1,20,9,4.3
"01","28","2006",35,90,85,65.1
"01","29","2006",36.8,0,4,0.9
"01","30","2006",NA,0,0,0
"01","31","2006",0,0,0,0
"02","01","2006",0,NA,0,0
"02","02","2006",NA,NA,0,0
"02","03","2006",0,NA,0,0
"02","04","2006",NA,NA,0,0
"02","05","2006",0,NA,0,0
"02","06","2006",NA,NA,0,0
"02","07","2006",NA,NA,0,0
"02","08","2006",NA,NA,0,0
"02","09","2006",NA,NA,0,0
"02","10","2006",NA,NA,0,0
"02","11","2006",0,NA,0,0
"02","12","2006",0,NA,0,0
"02","13","2006",0,NA,0,0
"02","14","2006",0,NA,0,0
"02","15","2006",0,NA,0,0
"02","16","2006",0,NA,0,0
"02","17","2006",0,NA,0,0
"02","18","2006",0,NA,0,0
"02","19","2006",0,NA,0,0
"02","20","2006",0,NA,0,0
"02","21","2006",NA,NA,0,0
"02","22","2006",0,NA,0,0
"02","23","2006",0,NA,0,0.4
"02","24","2006",0,NA,0,0
"02","25","2006",0,NA,0,0
"02","26","2006",0,NA,0,0
"02","27","2006",NA,NA,0,0
"02","28","2006",0,NA,0,0
"03","01","2006",0,NA,0,0
"03","02","2006",NA,NA,0,0
"03","03","2006",0,NA,0,0
"03","04","2006",0,NA,0,0
"03","05","2006",0,NA,0,0
"03","06","2006",33.1,NA,7,0.5
"03","07","2006",1.1,NA,0,0
"03","08","2006",NA,NA,43,33.9
"03","09","2006",1.8,NA,4,0.2
"03","10","2006",NA,NA,0,0
"03","11","2006",0,NA,0,0
"03","12","2006",0,NA,0,0
"03","13","2006",0,NA,0,0
"03","14","2006",0,NA,0,0
"03","15","2006",0,NA,0,0.9
"03","16","2006",14.7,NA,0,0
"03","17","2006",2.2,NA,0,0
"03","18","2006",0,NA,0,0
"03","19","2006",0,NA,0,0
"03","20","2006",82.8,NA,9,11.2
"03","21","2006",NA,NA,10,0.6
"03","22","2006",NA,NA,26,17.8
"03","23","2006",1.3,NA,0,3.2
"03","24","2006",0,NA,0,0
"03","25","2006",0,NA,0,0
"03","26","2006",27.2,NA,45,9.4
"03","27","2006",14.1,NA,9,0.4
"03","28","2006",NA,NA,2,3.2
"03","29","2006",0,NA,0,0
"03","30","2006",0,NA,0,0
"03","31","2006",0,NA,0,0
"04","01","2006",NA,NA,0,0
"04","02","2006",NA,NA,0,0
"04","03","2006",NA,NA,0,0
"04","04","2006",NA,NA,0,0
"04","05","2006",NA,NA,0,0
"04","06","2006",NA,NA,4,0
"04","07","2006",NA,NA,23,2.7
"04","08","2006",NA,NA,0,0
"04","09","2006",NA,NA,0,0
"04","10","2006",0,NA,0,0
"04","11","2006",NA,NA,0,0
"04","12","2006",0,NA,0,0
"04","13","2006",5.4,NA,8,0.8
"04","14","2006",0.6,NA,12,2.2
"04","15","2006",2,NA,0,0
"04","16","2006",NA,NA,0,0
"04","17","2006",23.6,NA,2,14.1
"04","18","2006",0.1,NA,0,0
"04","19","2006",NA,NA,0,13.3
"04","20","2006",NA,NA,20,5.5
"04","21","2006",0,NA,1,0
"04","22","2006",0,NA,0,0
"04","23","2006",5.9,NA,0,0
"04","24","2006",0,NA,0,0
"04","25","2006",0,NA,0,0
"04","26","2006",47.6,NA,66,0.2
"04","27","2006",NA,NA,0,0
"04","28","2006",9.5,NA,0,27.8
"04","29","2006",0,NA,0,0
"04","30","2006",0.1,NA,0,1.1
"05","01","2006",0.5,NA,110,55.2
"05","02","2006",9.8,NA,0,0.6
"05","03","2006",0.9,NA,14,9
"05","04","2006",0.2,NA,0,0
"05","05","2006",10.2,NA,55,77.2
"05","06","2006",14.4,NA,4,9.8
"05","07","2006",4.1,NA,13,2.1
"05","08","2006",53.3,NA,32,44.8
"05","09","2006",30.5,NA,0,1.6
"05","10","2006",0,NA,0,0
"05","11","2006",0,NA,0,0
"05","12","2006",0,NA,0,0.2
"05","13","2006",0,NA,0,0.6
"05","14","2006",0.1,NA,0,0.6
"05","15","2006",0,NA,10,17.5
"05","16","2006",NA,NA,0,5.9
"05","17","2006",NA,NA,20,1.1
"05","18","2006",NA,NA,11,0
"05","19","2006",95.3,NA,0,36.1
"05","20","2006",NA,NA,0,0
"05","21","2006",NA,NA,0,0
"05","22","2006",NA,NA,0,0
"05","23","2006",NA,NA,0,0.3
"05","24","2006",NA,NA,0,1.7
"05","25","2006",0.1,NA,0,0
"05","26","2006",36.8,NA,3,7.6
"05","27","2006",0.7,NA,10,26.9
"05","28","2006",0.3,NA,25,37.6
"05","29","2006",20.6,NA,4,0
"05","30","2006",4.5,NA,0,0
"05","31","2006",1.8,NA,15,3.8
"06","01","2006",10.1,NA,2,5.4
"06","02","2006",5.4,NA,4,0
"06","03","2006",NA,NA,0,34
"06","04","2006",0,NA,0,0
"06","05","2006",9.1,NA,0,1.2
"06","06","2006",0.4,NA,0,7.3
"06","07","2006",20.6,NA,0,0.6
"06","08","2006",37.4,NA,5,11.2
"06","09","2006",0,NA,3,0
"06","10","2006",39.4,NA,68,11.7
"06","11","2006",0.8,NA,15,1.6
"06","12","2006",NA,NA,0,0.5
"06","13","2006",NA,NA,0,2.5
"06","14","2006",NA,NA,10,26.2
"06","15","2006",NA,NA,0,0
"06","16","2006",NA,NA,0,0
"06","17","2006",NA,NA,13,30
"06","18","2006",NA,NA,3,0.4
"06","19","2006",1.2,NA,0,0.2
"06","20","2006",0.1,NA,22,9.4
"06","21","2006",24,NA,19,25.9
"06","22","2006",0.4,NA,7,18.7
"06","23","2006",0.1,NA,80,2.4
"06","24","2006",0,NA,7,15.1
"06","25","2006",6,NA,27,0
"06","26","2006",0.3,NA,0,15.7
"06","27","2006",12,NA,5,2.4
"06","28","2006",32.5,NA,3,4.8
"06","29","2006",15.1,NA,38,5.7
"06","30","2006",0.1,NA,0,0
"07","01","2006",0,NA,0,0
"07","02","2006",0,NA,90,0
"07","03","2006",18.4,NA,1,20.8
"07","04","2006",1.9,NA,0,0
"07","05","2006",NA,NA,0,0
"07","06","2006",17.5,NA,60,19.4
"07","07","2006",29.4,NA,8,4.8
"07","08","2006",NA,NA,0,0
"07","09","2006",22.1,NA,0,3.1
"07","10","2006",28.1,NA,18,22.4
"07","11","2006",0.1,NA,0,0
"07","12","2006",NA,NA,0,3.8
"07","13","2006",NA,NA,2,10.4
"07","14","2006",NA,NA,51,11.1
"07","15","2006",NA,NA,8,12.9
"07","16","2006",NA,NA,10,1.8
"07","17","2006",NA,NA,0,0
"07","18","2006",0.4,NA,0,2.3
"07","19","2006",NA,NA,3,5.1
"07","20","2006",NA,NA,0,1.9
"07","21","2006",NA,NA,0,0
"07","22","2006",38,NA,0,0.7
"07","23","2006",0.1,NA,1,3.2
"07","24","2006",34.7,NA,2,21.8
"07","25","2006",12.8,NA,4,1.6
"07","26","2006",0.2,NA,1,1.5
"07","27","2006",NA,NA,91,0
"07","28","2006",23.2,NA,31,19.2
"07","29","2006",0.1,NA,0,0
"07","30","2006",NA,NA,0,0
"07","31","2006",0,NA,2,0
"08","01","2006",56.8,NA,0,0
"08","02","2006",0.1,NA,0,0
"08","03","2006",NA,NA,0,0
"08","04","2006",1.5,NA,2,10.8
"08","05","2006",0,NA,0,1.4
"08","06","2006",NA,NA,0,2.5
"08","07","2006",NA,NA,0,0
"08","08","2006",NA,NA,0,0
"08","09","2006",0,NA,0,0
"08","10","2006",0,NA,12,27.3
"08","11","2006",NA,NA,10,4.7
"08","12","2006",0.2,NA,0,0
"08","13","2006",0.1,NA,0,0
"08","14","2006",0,NA,0,0
"08","15","2006",104.5,NA,0,0
"08","16","2006",10.5,NA,0,5.7
"08","17","2006",NA,NA,0,0
"08","18","2006",0.1,NA,11,41.4
"08","19","2006",0.3,NA,1,0.2
"08","20","2006",4.9,NA,9,10.1
"08","21","2006",0.6,NA,0,0.2
"08","22","2006",0.7,NA,0,0.2
"08","23","2006",0.1,NA,40,21
"08","24","2006",19.5,NA,25,79.2
"08","25","2006",0.2,NA,22,28.5
"08","26","2006",0.3,NA,0,0
"08","27","2006",0,NA,0,0
"08","28","2006",1.8,NA,2,0
"08","29","2006",4.5,NA,0,0.4
"08","30","2006",17.8,NA,3,0.2
"08","31","2006",0.6,NA,0,0
"09","01","2006",NA,NA,0,0
"09","02","2006",0,NA,0,0
"09","03","2006",0,NA,0,0
"09","04","2006",19,NA,0,8.5
"09","05","2006",0.3,NA,20,1.4
"09","06","2006",0.1,NA,0,0.2
"09","07","2006",0,NA,0,0
"09","08","2006",0,NA,0,0.4
"09","09","2006",0,NA,0,3
"09","10","2006",NA,NA,0,0
"09","11","2006",25.2,NA,0,19.8
"09","12","2006",7.6,NA,0,14.4
"09","13","2006",0,0,0,0
"09","14","2006",NA,0,0.3,0
"09","15","2006",0,0,0,7.3
"09","16","2006",NA,25,35,22.1
"09","17","2006",NA,0,24,12.6
"09","18","2006",NA,31,22,2
"09","19","2006",NA,0,0,0
"09","20","2006",NA,0,0,0
"09","21","2006",NA,0,0,0
"09","22","2006",NA,0,0,0
"09","23","2006",NA,69.2,60,4.7
"09","24","2006",55.6,21.8,0,5.8
"09","25","2006",2.2,2.5,17,13.8
"09","26","2006",NA,0,0,0
"09","27","2006",NA,0,0,0
"09","28","2006",0.1,0.5,0,0
"09","29","2006",NA,3.2,27,0
"09","30","2006",NA,3.2,0,0
"10","01","2006",NA,0,13,0
"10","02","2006",NA,79.9,0,0.9
"10","03","2006",1.7,45.2,0,0.8
"10","04","2006",17,1.1,2,0
"10","05","2006",NA,0,21,0
"10","06","2006",0.1,0,0,4.4
"10","07","2006",NA,0,0,0
"10","08","2006",28.5,19.3,24,12.8
"10","09","2006",7.3,15.6,0,0
"10","10","2006",NA,0,0,0.4
"10","11","2006",NA,28.3,0,3.9
"10","12","2006",0,0,35,0
"10","13","2006",NA,0,0,0
"10","14","2006",NA,4.3,0,0
"10","15","2006",0,0,0,0
"10","16","2006",NA,50.6,27,53.5
"10","17","2006",NA,0,9,0
"10","18","2006",0.1,1,0,0
"10","19","2006",0.4,2,0,1.6
"10","20","2006",9.2,25.2,2,0
"10","21","2006",NA,61.3,15,0
"10","22","2006",0,0,15,0
"10","23","2006",NA,0,3,0
"10","24","2006",NA,0,0,0
"10","25","2006",NA,0,0,0
"10","26","2006",0.8,0,5,12.4
"10","27","2006",NA,0,0,0
"10","28","2006",0,0,0,0
"10","29","2006",0.1,3.7,0,3.8
"10","30","2006",NA,0,0,0
"10","31","2006",0,0,9,0
"11","01","2006",0,0,0,0
"11","02","2006",NA,0,0,0
"11","03","2006",0,0,0,0
"11","04","2006",NA,0,0,0
"11","05","2006",NA,0,0,0
"11","06","2006",NA,0,0,0
"11","07","2006",0.4,0.8,0,0
"11","08","2006",0,0,0,0
"11","09","2006",NA,0,9,2.1
"11","10","2006",NA,0,0,0
"11","11","2006",NA,0,0,0
"11","12","2006",NA,3,49,27.2
"11","13","2006",NA,7.1,0,55.1
"11","14","2006",44.4,104.7,55,4.8
"11","15","2006",NA,1.6,1,0.6
"11","16","2006",0,0,0,0
"11","17","2006",11.3,22.4,34,2
"11","18","2006",NA,0,0,0
"11","19","2006",NA,38,13,0
"11","20","2006",NA,32,0,33.1
"11","21","2006",NA,0,0,0
"11","22","2006",NA,0,0,0
"11","23","2006",0.1,0,3,0
"11","24","2006",0,0,0,0.2
"11","25","2006",NA,0,0,0
"11","26","2006",NA,37.8,95,0
"11","27","2006",NA,30.7,0,19.4
"11","28","2006",NA,0,0,0.2
"11","29","2006",NA,13.4,23.3,0.6
"11","30","2006",NA,0,0,4.6
"12","01","2006",0,0,0,0
"12","02","2006",NA,0,0,0
"12","03","2006",0,0,0,0
"12","04","2006",0,1.2,0,0
"12","05","2006",0,0,5.7,0
"12","06","2006",NA,2.6,0,0.1
"12","07","2006",NA,4.5,5.2,0
"12","08","2006",NA,0,0,0
"12","09","2006",NA,0.5,0,16.8
"12","10","2006",0,0,0,0
"12","11","2006",0.4,9.7,0,1.7
"12","12","2006",0,0.5,0,0
"12","13","2006",NA,0,0,0.8
"12","14","2006",NA,0,0,0
"12","15","2006",NA,0,0,0
"12","16","2006",NA,0,0,0
"12","17","2006",NA,0,0,0
"12","18","2006",NA,0,0,0
"12","19","2006",NA,0,0,0
"12","20","2006",NA,0,0,0
"12","21","2006",NA,2.5,2.2,0.4
"12","22","2006",0,0,0,0
"12","23","2006",4.4,7,16.2,0
"12","24","2006",0,2.5,0,0
"12","25","2006",0,0,0,0.2
"12","26","2006",0,0,0,0
"12","27","2006",0,0,0,0
"12","28","2006",0,0,0,0
"12","29","2006",0,0,0,0
"12","30","2006",0,0,0,0
"12","31","2006",0,0,0,0
"01","01","2007",0,0,0,0
"01","02","2007",0,0,0,0.1
"01","03","2007",NA,0,0,0
"01","04","2007",0,0,0,0
"01","05","2007",NA,0,0,0
"01","06","2007",NA,0,0,0
"01","07","2007",0,0,0,0
"01","08","2007",NA,0,0,0
"01","09","2007",NA,0,0,0
"01","10","2007",0,0,0,0
"01","11","2007",0,0,5.3,0
"01","12","2007",0,0,5.1,0
"01","13","2007",0,0,1.1,0
"01","14","2007",0,0,0,0
"01","15","2007",0,0,0,0
"01","16","2007",NA,0,0,0
"01","17","2007",0,0,0,0
"01","18","2007",0,0,0,0
"01","19","2007",0,0,0,0
"01","20","2007",NA,0,0,0
"01","21","2007",NA,0,0,0
"01","22","2007",0,0.7,0,0
"01","23","2007",0,0,0,0
"01","24","2007",0,0,0,0
"01","25","2007",0,0,0,0
"01","26","2007",0,0,0,0
"01","27","2007",0,0,0,0
"01","28","2007",0,0,0,0
"01","29","2007",0,0,0,0
"01","30","2007",0,0,0,0
"01","31","2007",0,0,0,0
"02","01","2007",0,0,0,0
"02","02","2007",0,0,0,0
"02","03","2007",0,0,0,0
"02","04","2007",0,0,0,0
"02","05","2007",0,0,0,0
"02","06","2007",NA,0,0,0
"02","07","2007",0,0,0,0
"02","08","2007",NA,0,0,0
"02","09","2007",0,0,0,0
"02","10","2007",0,0,0,0
"02","11","2007",0,0,0,0
"02","12","2007",0,0,0,0
"02","13","2007",0,0,0,0
"02","14","2007",0,0,0,0
"02","15","2007",0,0,0,0
"02","16","2007",0,0,0,0
"02","17","2007",0,0,0,0
"02","18","2007",0,2.9,0,0
"02","19","2007",0,0,0,0
"02","20","2007",NA,0,0,0
"02","21","2007",0,0,0,0
"02","22","2007",0,0,0,0
"02","23","2007",NA,0,0,0
"02","24","2007",0,8.1,8.4,3.4
"02","25","2007",21.9,2.8,30.9,9.8
"02","26","2007",0,0,0,0
"02","27","2007",0,0,0,0
"02","28","2007",0,0,0,0
"03","01","2007",0,0,0,0
"03","02","2007",NA,0,0,0
"03","03","2007",0,0,0,0
"03","04","2007",0,0,0,0
"03","05","2007",0,0,0,0
"03","06","2007",0,0,0,0
"03","07","2007",0,0,0,0
"03","08","2007",0,0,0,0
"03","09","2007",NA,5.2,0,2.6
"03","10","2007",NA,0,0,0
"03","11","2007",0,0,0,0
"03","12","2007",0,0,0,0
"03","13","2007",NA,0,0,0
"03","14","2007",NA,0,0,0
"03","15","2007",NA,0,0,0
"03","16","2007",0,0,0,0
"03","17","2007",NA,0,0,0
"03","18","2007",NA,0,0,0
"03","19","2007",NA,0,0,0
"03","20","2007",NA,0,0,0
"03","21","2007",0,0,0,0
"03","22","2007",NA,0,0,0
"03","23","2007",NA,0,0,0
"03","24","2007",3.1,0.5,0,0
"03","25","2007",9.2,2.1,2.1,52.1
"03","26","2007",0.1,1.5,20.7,0.4
"03","27","2007",0,0,0,0
"03","28","2007",0.2,45.2,86.5,40.4
"03","29","2007",NA,42,1.7,58.2
"03","30","2007",NA,21.4,6.2,15.2
"03","31","2007",5.8,5.6,9.1,2.8
"04","01","2007",16.2,2.2,7.6,0
"04","02","2007",18.3,3,17.4,1
"04","03","2007",57.4,0,11.2,18.8
"04","04","2007",NA,0,0,0
"04","05","2007",NA,11.1,2.1,1.6
"04","06","2007",NA,59.3,8.1,0.6
"04","07","2007",NA,7,10.2,8.4
"04","08","2007",NA,0,2,0
"04","09","2007",NA,0,0,0
"04","10","2007",NA,0,0,0
"04","11","2007",NA,0,0,0
"04","12","2007",NA,0,0,0
"04","13","2007",NA,0,0,0.5
"04","14","2007",NA,37.6,10.9,1.3
"04","15","2007",NA,0,0,0
"04","16","2007",NA,0,0,1.1
"04","17","2007",NA,0,0,0
"04","18","2007",NA,0,10.9,18.7
"04","19","2007",NA,0,3.2,70.7
"04","20","2007",NA,39,0,0
"04","21","2007",NA,1.6,35.6,18.6
"04","22","2007",NA,0.4,0,4
"04","23","2007",NA,0,0,0
"04","24","2007",NA,19.4,11.9,2.1
"04","25","2007",NA,7.3,30.8,17.5
"04","26","2007",NA,1.3,0,0
"04","27","2007",NA,0,0,0
"04","28","2007",NA,1.2,0,0
"04","29","2007",NA,0,0,46.7
"04","30","2007",NA,0,0,0
"05","01","2007",NA,0,36.4,12.4
"05","02","2007",NA,0,26.4,5.6
"05","03","2007",NA,0.5,0,0
"05","04","2007",NA,4,3.1,29.4
"05","05","2007",NA,0,0,0
"05","06","2007",NA,0,0,0
"05","07","2007",NA,4.1,20.1,33.6
"05","08","2007",NA,45.2,20.8,17
"05","09","2007",NA,42,2.5,8
"05","10","2007",NA,64.7,0,0.7
"05","11","2007",NA,2,0,0
"05","12","2007",NA,0,0,4.5
"05","13","2007",NA,0,0,0
"05","14","2007",NA,28.1,37.4,2.5
"05","15","2007",NA,0,0,0
"05","16","2007",NA,6.5,0,42.2
"05","17","2007",NA,2,0,13.5
"05","18","2007",NA,9.1,16.2,2
"05","19","2007",NA,0.6,0,0.6
"05","20","2007",NA,1.2,26.8,0
"05","21","2007",NA,0,0,0
"05","22","2007",NA,0,0,0
"05","23","2007",NA,7.5,0,0
"05","24","2007",NA,5.9,0,0
"05","25","2007",NA,0,15,6.7
"05","26","2007",NA,0,0,0
"05","27","2007",NA,13.7,0,17.4
"05","28","2007",NA,0,10.1,22.2
"05","29","2007",NA,29.4,30.2,16.6
"05","30","2007",NA,2.3,10.5,28.4
"05","31","2007",NA,0.4,10.8,0
"06","01","2007",NA,16.3,7,16.8
"06","02","2007",NA,29.6,120.8,13.1
"06","03","2007",NA,0.3,2,1.5
"06","04","2007",NA,20,22.5,0.3
"06","05","2007",NA,26.2,7,11.5
"06","06","2007",NA,0,2.2,0.3
"06","07","2007",NA,0,0,4.8
"06","08","2007",NA,11.3,80.3,28.9
"06","09","2007",NA,2.3,11,0
"06","10","2007",NA,9.3,15.5,1.8
"06","11","2007",NA,0,0,0
"06","12","2007",NA,0,0,0
"06","13","2007",NA,0,0,0.3
"06","14","2007",NA,0.9,3.5,21.5
"06","15","2007",NA,33.1,4,0
"06","16","2007",NA,3.3,0,4.9
"06","17","2007",NA,2.3,60,0
"06","18","2007",NA,12.7,5.3,57
"06","19","2007",NA,4.7,4,19.2
"06","20","2007",NA,0.6,0,0.2
"06","21","2007",NA,8.7,2.1,0.4
"06","22","2007",NA,8.5,0,0.6
"06","23","2007",NA,17.5,17.3,31.2
"06","24","2007",NA,9.3,23.9,4.8
"06","25","2007",NA,48.1,7.7,11.2
"06","26","2007",NA,46.3,17.9,4.4
"06","27","2007",NA,0.6,8,24.6
"06","28","2007",NA,9.6,7.9,24.2
"06","29","2007",NA,2.4,9.1,15.8
"06","30","2007",NA,0.4,0,0.8
"07","01","2007",NA,0,0,0
"07","02","2007",NA,0.4,13,0
"07","03","2007",NA,15.8,2.5,8.7
"07","04","2007",NA,13.3,0,1.4
"07","05","2007",NA,13.1,38.7,51
"07","06","2007",NA,1,6.2,8.1
"07","07","2007",NA,0,0,3.1
"07","08","2007",NA,1.2,4.7,1.1
"07","09","2007",NA,38.5,24,17.8
"07","10","2007",NA,75.2,20,2.1
"07","11","2007",NA,0,10.8,5.1
"07","12","2007",NA,9.4,4.6,43.7
"07","13","2007",NA,0,2.1,7
"07","14","2007",NA,1,0,0
"07","15","2007",NA,2.6,17.8,10.4
"07","16","2007",NA,0,2,0
"07","17","2007",NA,0,5.1,18.4
"07","18","2007",NA,0,0,0
"07","19","2007",NA,0,0,32.5
"07","20","2007",NA,20.6,0,1.4
"07","21","2007",NA,0.5,0,0
"07","22","2007",NA,0.8,0,0
"07","23","2007",NA,0,0,2.4
"07","24","2007",NA,0,0,0
"07","25","2007",NA,0,10,0
"07","26","2007",NA,0,0,6.2
"07","27","2007",NA,33.7,1.1,6
"07","28","2007",NA,13,43,8.1
"07","29","2007",NA,0,0,0
"07","30","2007",NA,0,0,0
"07","31","2007",NA,0.6,0,5.8
"08","01","2007",NA,0,2.2,0
"08","02","2007",NA,1.8,1.1,1.9
"08","03","2007",NA,14.9,0,0.1
"08","04","2007",NA,0.4,5.9,0.5
"08","05","2007",NA,0.3,0,0
"08","06","2007",NA,0,9.8,0
"08","07","2007",NA,0,0,0
"08","08","2007",NA,0,0,4.1
"08","09","2007",NA,0.5,0,0
"08","10","2007",NA,7.1,0,3.1
"08","11","2007",NA,0.5,0,1.2
"08","12","2007",NA,18.1,13,19.9
"08","13","2007",NA,7,2,7.4
"08","14","2007",NA,0,0,0.8
"08","15","2007",NA,7.9,33.7,25.8
"08","16","2007",NA,11.6,0,2
"08","17","2007",NA,12.1,0,0
"08","18","2007",NA,0.4,0,1.1
"08","19","2007",NA,56.4,40.5,4.2
"08","20","2007",NA,15.7,6.6,0.6
"08","21","2007",NA,3.6,6.8,16.2
"08","22","2007",NA,0,0,0
"08","23","2007",NA,0,0,0
"08","24","2007",NA,2.7,0,0.3
"08","25","2007",NA,64.5,100.2,58.1
"08","26","2007",NA,1.2,1,0.2
"08","27","2007",NA,0,1,0
"08","28","2007",NA,0,0,0
"08","29","2007",NA,0,2,16.6
"08","30","2007",NA,70.8,43.6,40
"08","31","2007",NA,6.8,14.6,3.1
"09","01","2007",NA,2.2,3,2.1
"09","02","2007",NA,0,7.5,0
"09","03","2007",NA,43.8,13,18.4
"09","04","2007",NA,0,27.2,29.7
"09","05","2007",NA,0,0,0
"09","06","2007",NA,0,7.5,5.2
"09","07","2007",NA,0,0,16.3
"09","08","2007",NA,8.7,5.1,16.4
"09","09","2007",NA,0,7.2,2
"09","10","2007",NA,0,9.5,0
"09","11","2007",NA,17.2,11,2.1
"09","12","2007",NA,2.1,9.1,52.1
"09","13","2007",NA,0.4,0,10.8
"09","14","2007",NA,3.5,0,26.7
"09","15","2007",NA,0,0,1.5
"09","16","2007",NA,2.9,50.5,5.4
"09","17","2007",NA,0,0,0
"09","18","2007",NA,0,0,0
"09","19","2007",NA,48.9,44.9,6.2
"09","20","2007",NA,0,10.3,0
"09","21","2007",NA,0,0,0
"09","22","2007",NA,0,6.3,2.5
"09","23","2007",NA,0,0,0
"09","24","2007",NA,3.7,2,0.2
"09","25","2007",NA,4,35.2,9.4
"09","26","2007",NA,23.2,2,2
"09","27","2007",NA,2,9.3,4.5
"09","28","2007",NA,1,0,3.1
"09","29","2007",NA,27.5,4.6,0
"09","30","2007",NA,21.7,33,3.5
"10","01","2007",NA,0,32,3.8
"10","02","2007",NA,43.8,2.2,27.6
"10","03","2007",NA,0,0,0
"10","04","2007",NA,44.6,0,0
"10","05","2007",NA,0,0,1
"10","06","2007",NA,21.4,4.1,12.7
"10","07","2007",NA,4.6,2.5,13.2
"10","08","2007",NA,2.1,0,11.6
"10","09","2007",NA,34,0,0.2
"10","10","2007",NA,34,0,0
"10","11","2007",NA,0,0,0
"10","12","2007",NA,0,10,0.5
"10","13","2007",NA,0,0,16.1
"10","14","2007",NA,3,13,13.1
"10","15","2007",NA,7.3,126.7,9.6
"10","16","2007",NA,0,0,0
"10","17","2007",NA,0.7,0,3.7
"10","18","2007",NA,0,0,0.2
"10","19","2007",NA,1,0,1.6
"10","20","2007",NA,0,2.8,0
"10","21","2007",NA,1.3,0,0
"10","22","2007",NA,4.7,29.2,75.8
"10","23","2007",NA,0,0,0
"10","24","2007",NA,1.4,0,0
"10","25","2007",NA,0,0,0.6
"10","26","2007",NA,15.6,27.2,7.5
"10","27","2007",NA,17,46.3,39.3
"10","28","2007",NA,2,0,1.8
"10","29","2007",NA,0.4,0,0
"10","30","2007",NA,7,0,5.7
"10","31","2007",NA,4.6,25.2,23
"11","01","2007",NA,0,0,0
"11","02","2007",NA,0,0,0
"11","03","2007",NA,0,7.3,0.4
"11","04","2007",NA,0,8.1,0
"11","05","2007",NA,0,0,0
"11","06","2007",NA,0,0,0
"11","07","2007",NA,0,0,0
"11","08","2007",NA,0.7,0,40.5
"11","09","2007",NA,0,10.5,2.2
"11","10","2007",NA,0,31.3,0
"11","11","2007",NA,0,0,0
"11","12","2007",NA,0,24.7,4.7
"11","13","2007",NA,0,0,0
"11","14","2007",NA,0,0,14.1
"11","15","2007",NA,0,0,0.3
"11","16","2007",NA,0,10.9,0
"11","17","2007",NA,30.3,0,33.5
"11","18","2007",NA,48,0,0
"11","19","2007",NA,0,0,0
"11","20","2007",NA,0,0,0
"11","21","2007",NA,0,5.5,0
"11","22","2007",NA,24.6,0,33.2
"11","23","2007",NA,0.8,0,0
"11","24","2007",NA,0,5.9,0
"11","25","2007",NA,0,6.3,0
"11","26","2007",NA,0,0,0
"11","27","2007",NA,0,0,0
"11","28","2007",NA,0,0,0
"11","29","2007",NA,0,0,0
"11","30","2007",NA,0,0,0
"12","01","2007",NA,0,0,0
"12","02","2007",NA,0,0,0
"12","03","2007",NA,0,0,0
"12","04","2007",NA,0,0,0
"12","05","2007",NA,0,0,0
"12","06","2007",NA,0,0,0
"12","07","2007",NA,0,14.8,NA
"12","08","2007",NA,0,0,0
"12","09","2007",NA,0,0,0
"12","10","2007",NA,0,0,0
"12","11","2007",NA,0,0,0
"12","12","2007",NA,0.9,13.4,0.5
"12","13","2007",NA,4.2,0,1.8
"12","14","2007",NA,10.4,10.2,2.7
"12","15","2007",NA,0.5,21.3,3.3
"12","16","2007",NA,4.6,0,0.2
"12","17","2007",NA,0,0,0
"12","18","2007",NA,0,0,0
"12","19","2007",NA,0,0,0
"12","20","2007",NA,1.4,0,0
"12","21","2007",NA,0,0,0
"12","22","2007",NA,13.3,32.9,56.4
"12","23","2007",NA,0,10.3,22.2
"12","24","2007",NA,11.2,0,0.4
"12","25","2007",NA,9.2,0,0
"12","26","2007",NA,0,0,0
"12","27","2007",NA,0,29.4,4.4
"12","28","2007",NA,0.7,0,0.2
"12","29","2007",NA,0,0,0
"12","30","2007",NA,0,0,0
"12","31","2007",NA,0,0,0
"01","01","2008",NA,0,0,0
"01","02","2008",NA,0,0,0
"01","03","2008",NA,0,0,0
"01","04","2008",NA,0,0,0
"01","05","2008",NA,0,0,0.2
"01","06","2008",NA,0,0,0
"01","07","2008",NA,0,0,0
"01","08","2008",NA,0,0,0
"01","09","2008",NA,2.7,0,0
"01","10","2008",NA,0,0,0
"01","11","2008",NA,0,0,0
"01","12","2008",NA,0,0,0
"01","13","2008",NA,0,0,0
"01","14","2008",NA,0,0,0
"01","15","2008",NA,0,83,0.5
"01","16","2008",NA,0,0,0
"01","17","2008",NA,0,0,0
"01","18","2008",NA,0,0,0
"01","19","2008",NA,0,0,0
"01","20","2008",NA,0,0,0
"01","21","2008",NA,0,0,0
"01","22","2008",NA,0,0,0
"01","23","2008",NA,0,0,0
"01","24","2008",NA,0,0,0
"01","25","2008",NA,0,0,0
"01","26","2008",NA,0,0,0
"01","27","2008",NA,0,0,0
"01","28","2008",NA,0,0,0
"01","29","2008",NA,0,0,0
"01","30","2008",NA,0,0,0
"01","31","2008",NA,0,0,0
"02","01","2008",NA,0,0,0
"02","02","2008",NA,0,0,0
"02","03","2008",NA,0,0,0
"02","04","2008",NA,0,0,0
"02","05","2008",NA,0,0,5
"02","06","2008",NA,0,0,0.2
"02","07","2008",NA,0,0,0
"02","08","2008",NA,3.8,0,0
"02","09","2008",NA,18.2,14,22.7
"02","10","2008",NA,0,0,2.4
"02","11","2008",NA,0,0,0
"02","12","2008",NA,0,0,0
"02","13","2008",NA,0,0,0
"02","14","2008",NA,0,0,0
"02","15","2008",NA,0,0,0
"02","16","2008",NA,12.8,0,0
"02","17","2008",NA,0,0,0
"02","18","2008",NA,0,0,0
"02","19","2008",NA,0,0,0
"02","20","2008",NA,8,0,0
"02","21","2008",NA,1.5,0,0
"02","22","2008",NA,0,0,0
"02","23","2008",NA,0,0,0
"02","24","2008",NA,0,0,0
"02","25","2008",NA,0,0,0
"02","26","2008",NA,0,0,0
"02","27","2008",NA,0,0,0
"02","28","2008",NA,0,0,0
"02","29","2008",NA,0,0,0
"03","01","2008",NA,0,0,0
"03","02","2008",NA,0,0,0
"03","03","2008",NA,0,0,0
"03","04","2008",NA,0,0,0
"03","05","2008",NA,0,0,0
"03","06","2008",NA,0,0,0
"03","07","2008",NA,0,0,0
"03","08","2008",NA,0,0,0
"03","09","2008",NA,0,0,0
"03","10","2008",NA,0,0,0
"03","11","2008",NA,0,0,0
"03","12","2008",NA,0,0,0
"03","13","2008",NA,9.8,5.4,3.9
"03","14","2008",NA,19,25.2,5.6
"03","15","2008",NA,0,0,0
"03","16","2008",NA,0,0,0
"03","17","2008",0,0,0,0
"03","18","2008",0,0,0,0
"03","19","2008",0,0,0,0
"03","20","2008",0,0,0,0
"03","21","2008",0,0,0,0
"03","22","2008",0,0,0,0
"03","23","2008",0,0,0,0
"03","24","2008",0,0,0,0
"03","25","2008",NA,0,0,0
"03","26","2008",0,0,0,0
"03","27","2008",0,0,0,0
"03","28","2008",0,0,0,0
"03","29","2008",0,0,0,0
"03","30","2008",0,0,0,0
"03","31","2008",NA,11.5,0,NA
"04","01","2008",0,0,0,0
"04","02","2008",0,0,0,0
"04","03","2008",NA,0,0,0
"04","04","2008",NA,11.2,0,0
"04","05","2008",0,0,0,0
"04","06","2008",0,0,0,0
"04","07","2008",0,0,0,0
"04","08","2008",0,0,0,0
"04","09","2008",0,0,0,0
"04","10","2008",0,0,0,0
"04","11","2008",0,3.8,0,0
"04","12","2008",0,8,0,2.2
"04","13","2008",0,48,4.5,0
"04","14","2008",0.5,0,15.1,4.3
"04","15","2008",3.5,0,3.8,8.9
"04","16","2008",0,0,0,0
"04","17","2008",0,1.8,0,0
"04","18","2008",26.7,0,5.1,1.8
"04","19","2008",NA,0,0,0
"04","20","2008",0,0,0,0
"04","21","2008",0,0,0,0
"04","22","2008",NA,9.2,16,0
"04","23","2008",8.2,6.8,2.7,4.8
"04","24","2008",1.8,0,0,19.6
"04","25","2008",NA,81,3,0
"04","26","2008",NA,0,26.4,1.9
"04","27","2008",5,0,5.4,22.4
"04","28","2008",NA,0,0,0
"04","29","2008",0,0,0,0
"04","30","2008",0,0,0,0
"05","01","2008",0,0,0,0
"05","02","2008",0.4,0,0,0
"05","03","2008",0.1,0,18.5,56.6
"05","04","2008",0.2,13.2,3.4,0
"05","05","2008",1.5,9.8,7.3,26.2
"05","06","2008",1.3,6.2,0,3.5
"05","07","2008",NA,11.2,8.8,0.9
"05","08","2008",NA,0,30.2,6.6
"05","09","2008",NA,0,0,4
"05","10","2008",NA,0,0,0
"05","11","2008",0,0,0,8.4
"05","12","2008",15.8,0,0,0
"05","13","2008",NA,0,0,0
"05","14","2008",NA,31,0,0
"05","15","2008",NA,8.2,3.6,14.3
"05","16","2008",NA,0,0,0.2
"05","17","2008",13.3,0,0,0.2
"05","18","2008",60.1,0,28.2,61.9
"05","19","2008",0.1,0,18.7,2.2
"05","20","2008",4.1,0,0,3.5
"05","21","2008",0.3,0,0,0
"05","22","2008",NA,0,0,0
"05","23","2008",1.1,11.2,0,0
"05","24","2008",NA,35,13.4,25.9
"05","25","2008",NA,41,25.9,53.7
"05","26","2008",NA,8.4,7.3,0.3
"05","27","2008",NA,0,4.3,5.7
"05","28","2008",NA,0,0,2.2
"05","29","2008",NA,0,0,2.7
"05","30","2008",NA,0,0,1
"05","31","2008",0.1,46.5,0,15.3
"06","01","2008",NA,12.4,10.3,16.6
"06","02","2008",11.3,0,10.2,18.1
"06","03","2008",0.2,84,0,0
"06","04","2008",28,35,0,4.3
"06","05","2008",13.2,0,0,34.6
"06","06","2008",NA,0,0,0
"06","07","2008",NA,0,0,1
"06","08","2008",NA,0,0,4.1
"06","09","2008",NA,0,24.3,3.7
"06","10","2008",NA,0,10.4,0.6
"06","11","2008",NA,0,0,0
"06","12","2008",NA,0,0,0
"06","13","2008",0,0,0,0
"06","14","2008",0,0,22.3,7.6
"06","15","2008",48.4,0,0,0
"06","16","2008",0.9,0,0,0
"06","17","2008",NA,0,0,0.5
"06","18","2008",NA,0,16.1,5.8
"06","19","2008",NA,0,0,3.1
"06","20","2008",NA,38,8.3,6.5
"06","21","2008",NA,41,6,47
"06","22","2008",NA,0,15.2,1.8
"06","23","2008",NA,18,5,13.2
"06","24","2008",NA,68,5.8,32.8
"06","25","2008",NA,0,10.2,4
"06","26","2008",NA,0,25.2,1.8
"06","27","2008",NA,15,2.2,15.1
"06","28","2008",NA,25.2,4.6,11.9
"06","29","2008",NA,0,0,0.2
"06","30","2008",NA,15.2,0,0.5
"07","01","2008",NA,0,34.3,99.8
"07","02","2008",NA,18.2,2.5,4.4
"07","03","2008",NA,0,18.5,18
"07","04","2008",NA,0,0,8.3
"07","05","2008",NA,0,0,0
"07","06","2008",NA,0,0,0
"07","07","2008",NA,0,7.1,0.7
"07","08","2008",NA,0,0,1.2
"07","09","2008",NA,66.2,6,0.3
"07","10","2008",NA,0,27.4,38
"07","11","2008",NA,0,0,1
"07","12","2008",NA,0,0,0
"07","13","2008",NA,0,0,0.4
"07","14","2008",NA,0,0,0
"07","15","2008",NA,0,17.2,0.8
"07","16","2008",NA,0,3,8
"07","17","2008",NA,44.8,0,11.8
"07","18","2008",NA,0,9.4,30.7
"07","19","2008",NA,0,19.3,33
"07","20","2008",NA,0,9.5,25.6
"07","21","2008",NA,0,0,2.2
"07","22","2008",NA,0,0,0.6
"07","23","2008",NA,0,0,0
"07","24","2008",NA,64.4,3,2.2
"07","25","2008",44.5,26,21.3,34.7
"07","26","2008",NA,0,19.6,11.4
"07","27","2008",NA,0,0,10.2
"07","28","2008",NA,0,0,0
"07","29","2008",NA,0,0,0
"07","30","2008",NA,0,0,0.2
"07","31","2008",NA,0,0,15.1
"08","01","2008",NA,0,0,0
"08","02","2008",NA,0,11.3,0.9
"08","03","2008",NA,0,12.7,4.3
"08","04","2008",NA,0,0,0
"08","05","2008",NA,0,22.4,12.2
"08","06","2008",NA,0,4.8,1.8
"08","07","2008",NA,0,0,0
"08","08","2008",NA,28,4,0
"08","09","2008",NA,39,19,0
"08","10","2008",NA,0,2.2,6.6
"08","11","2008",NA,0,50,2.1
"08","12","2008",NA,0,0,0
"08","13","2008",NA,49,0,1.1
"08","14","2008",NA,0,3.2,39.6
"08","15","2008",NA,0,22.4,8.2
"08","16","2008",NA,0,8.2,27.4
"08","17","2008",NA,0,0,0
"08","18","2008",NA,0,0,30
"08","19","2008",NA,21,21.2,31.2
"08","20","2008",NA,0,0,3.8
"08","21","2008",NA,0,0,0
"08","22","2008",NA,10,0,0
"08","23","2008",NA,0,35.3,34.1
"08","24","2008",NA,0,0,0.2
"08","25","2008",NA,0,1,1.1
"08","26","2008",NA,0,0,0.3
"08","27","2008",NA,0,0,0
"08","28","2008",NA,0,0,0
"08","29","2008",NA,0,10,0.4
"08","30","2008",NA,0,18.2,19.6
"08","31","2008",NA,0,0,0
"09","01","2008",NA,0,0,4.4
"09","02","2008",0,0,0,0.2
"09","03","2008",0,0,0,13
"09","04","2008",0.2,0,16.1,0
"09","05","2008",NA,0,0,0
"09","06","2008",NA,0,0,0
"09","07","2008",0.2,0,6.5,0
"09","08","2008",5.4,0,17.4,14.2
"09","09","2008",0,0,0,4.9
"09","10","2008",0,13.5,0,0
"09","11","2008",NA,0,25.1,2.4
"09","12","2008",0.2,16.8,0,0
"09","13","2008",1.8,22.4,0,47.2
"09","14","2008",0,0,37.5,41.2
"09","15","2008",52.2,0,0,7.5
"09","16","2008",17.9,0,0,3.3
"09","17","2008",3.5,21,0,0
"09","18","2008",NA,0,4.4,0
"09","19","2008",NA,0,0,0
"09","20","2008",NA,0,4.3,0.5
"09","21","2008",0,36.8,0,0
"09","22","2008",58.3,0,18.5,8.4
"09","23","2008",NA,0,0,0
"09","24","2008",0,0,2.2,0
"09","25","2008",0,9.2,19.4,4.2
"09","26","2008",NA,0,0,4
"09","27","2008",0.1,0,0,0
"09","28","2008",2.2,0,0,0
"09","29","2008",5.7,6.2,0,1.1
"09","30","2008",NA,12.2,0,12.5
"10","01","2008",8.3,0,4.2,17.9
"10","02","2008",0.2,0,0,0
"10","03","2008",NA,19.6,0,0
"10","04","2008",16.8,0,0,0
"10","05","2008",9.7,49.6,9.9,1
"10","06","2008",0.3,0,2.4,0
"10","07","2008",30,0,4.4,3
"10","08","2008",0,52.4,0,0.2
"10","09","2008",0,28.2,16.5,0.6
"10","10","2008",65.1,0,1.4,6.8
"10","11","2008",18.7,14.4,0,0
"10","12","2008",0,0,21,0
"10","13","2008",0,0,9.2,8.1
"10","14","2008",NA,0,28.5,11.2
"10","15","2008",NA,6.8,9,0
"10","16","2008",7.2,0,36.2,0.2
"10","17","2008",0,0,0,0
"10","18","2008",0.4,0,0,0
"10","19","2008",0,0,0,0
"10","20","2008",NA,0,12.5,0
"10","21","2008",NA,0,0,0.9
"10","22","2008",1.6,0,0,0
"10","23","2008",0,0,0,0
"10","24","2008",0,0,0,0
"10","25","2008",0.8,0,8.4,0
"10","26","2008",0,0,0,0.2
"10","27","2008",0,0,0,22.6
"10","28","2008",12.8,0,16.6,46.8
"10","29","2008",0,0,0,0
"10","30","2008",NA,0,10.2,0.2
"10","31","2008",10.9,0,0,0
"11","01","2008",0,18.8,0,21.1
"11","02","2008",30.4,0,5.5,3.5
"11","03","2008",2.7,0,8.6,1.8
"11","04","2008",22.2,0,8.5,26.8
"11","05","2008",0,0,2,6.3
"11","06","2008",0,0,0,0
"11","07","2008",0,0,0,0
"11","08","2008",0,0,0,0
"11","09","2008",0,0,0,0
"11","10","2008",0,0,0,0
"11","11","2008",0,0,0,0
"11","12","2008",0,0,0,0
"11","13","2008",3,0,50.6,0
"11","14","2008",0.1,0,0,0
"11","15","2008",NA,0,0,0
"11","16","2008",0,25.8,0,3.4
"11","17","2008",0.1,0,0,6.3
"11","18","2008",19.6,38.5,0,0.7
"11","19","2008",0.2,0,30,3.1
"11","20","2008",7.2,0,80.2,57.5
"11","21","2008",0.3,38.8,3.2,5
"11","22","2008",46.2,9.8,0,2.2
"11","23","2008",0.6,0,0,2.6
"11","24","2008",5.9,13.2,5,11
"11","25","2008",NA,7.2,17.3,1.7
"11","26","2008",81.1,12.2,35.4,27.4
"11","27","2008",0.1,0,5.2,0
"11","28","2008",0,0,0,0
"11","29","2008",0,0,0,0
"11","30","2008",0,0,0,0
"12","01","2008",0,0,0,0
"12","02","2008",NA,0,0,0
"12","03","2008",0.2,0,0,0.2
"12","04","2008",0.1,0,5.5,0
"12","05","2008",NA,0,0,0
"12","06","2008",NA,0,0,0
"12","07","2008",NA,0,2,0
"12","08","2008",NA,0,14.5,5
"12","09","2008",NA,0,0,0
"12","10","2008",NA,0,0,0
"12","11","2008",NA,0,0,0
"12","12","2008",0,0,0,0
"12","13","2008",NA,0,0,0
"12","14","2008",NA,0,0,0
"12","15","2008",0.1,0,0,0
"12","16","2008",NA,0,0,0
"12","17","2008",NA,0,0,0
"12","18","2008",NA,0,0,0
"12","19","2008",NA,0,0,0
"12","20","2008",NA,0,0,0
"12","21","2008",NA,0,0,0
"12","22","2008",NA,0,0,0
"12","23","2008",NA,0,0,0
"12","24","2008",NA,0,0,0
"12","25","2008",NA,0,0,0
"12","26","2008",0,0,0,0
"12","27","2008",NA,0,0,0
"12","28","2008",0,0,0,0
"12","29","2008",0,0,0,0
"12","30","2008",NA,0,0,0
"12","31","2008",0,0,0,0
"01","01","2009",0,0,0,0
"01","02","2009",0,11.2,0,0
"01","03","2009",0,0,0,0
"01","04","2009",0,0,0,0
"01","05","2009",NA,0,0,0
"01","06","2009",NA,0,0,0.2
"01","07","2009",NA,0,4.1,0.4
"01","08","2009",NA,0,0,0
"01","09","2009",NA,0,0,0
"01","10","2009",NA,0,0,0
"01","11","2009",0,0,0,0
"01","12","2009",NA,0,0,0
"01","13","2009",0,0,0,0
"01","14","2009",0,0,0,0
"01","15","2009",0,0,0,0
"01","16","2009",0,0,0,0
"01","17","2009",0,0,0,0
"01","18","2009",0,0,0,0
"01","19","2009",1.2,0,0,0
"01","20","2009",15.8,0,0,0
"01","21","2009",NA,0,0,0
"01","22","2009",0,9.8,0,0.2
"01","23","2009",NA,0,9.3,0
"01","24","2009",NA,0,0,0
"01","25","2009",0,0,0,0
"01","26","2009",0,0,0,0
"01","27","2009",NA,0,0,0
"01","28","2009",0,0,0,0
"01","29","2009",0,0,0,0
"01","30","2009",0,22.8,0,29.9
"01","31","2009",44,0,14.2,35.3
"02","01","2009",NA,0,0,0
"02","02","2009",0,0,0,0
"02","03","2009",0,0,0,0
"02","04","2009",0.2,0,5.1,0
"02","05","2009",NA,0,0,0
"02","06","2009",NA,0,0,0
"02","07","2009",0,0,0,0
"02","08","2009",0,0,0,0
"02","09","2009",0,0,0,0
"02","10","2009",0,36.8,2.2,1.7
"02","11","2009",NA,0,3.1,0
"02","12","2009",NA,0,0,0
"02","13","2009",0,0,0,0
"02","14","2009",0,0,0,0
"02","15","2009",NA,0,0,0
"02","16","2009",NA,0,0,0
"02","17","2009",0,0,0,0
"02","18","2009",NA,0,8.4,0
"02","19","2009",0,0,0,0
"02","20","2009",0,0,0,0
"02","21","2009",0,0,0,0
"02","22","2009",0,0,0,0
"02","23","2009",0,0,0,0
"02","24","2009",NA,0,0,0
"02","25","2009",NA,0,0,0
"02","26","2009",NA,0,0,0
"02","27","2009",NA,0,0,0
"02","28","2009",NA,0,0,0
"03","01","2009",NA,0,0,0
"03","02","2009",0.2,0,0,0
"03","03","2009",0,4.2,3.6,3.6
"03","04","2009",NA,0,0,25
"03","05","2009",0,0,0,0
"03","06","2009",NA,0,0,0
"03","07","2009",NA,0,0,0
"03","08","2009",NA,0,0,0
"03","09","2009",NA,0,0,0
"03","10","2009",NA,0,0,0
"03","11","2009",NA,0,0,0
"03","12","2009",0,0,0,0
"03","13","2009",0,0,0,0
"03","14","2009",0,0,0,0
"03","15","2009",0,16.2,0,0
"03","16","2009",0.1,0,8,2.3
"03","17","2009",18.6,0,0,0
"03","18","2009",0,0,0,0
"03","19","2009",0,0,0,0
"03","20","2009",NA,0,4.5,0
"03","21","2009",NA,0,3.3,119.2
"03","22","2009",NA,0,20.5,23.6
"03","23","2009",NA,0,7.1,14.1
"03","24","2009",0,0,8.2,0
"03","25","2009",0.9,0,0,0
"03","26","2009",0,0,0,0
"03","27","2009",0,0,0,0
"03","28","2009",NA,0,0,0
"03","29","2009",NA,0,0,0
"03","30","2009",0,0,0,0
"03","31","2009",0,0,0,0
"04","01","2009",0,9.8,0,0
"04","02","2009",NA,0,0,0.6
"04","03","2009",0,0,0,0
"04","04","2009",NA,0,0,0
"04","05","2009",0,0,0,0
"04","06","2009",NA,0,0,0
"04","07","2009",3.2,5.8,0,2.3
"04","08","2009",20.5,16.4,31.2,24.2
"04","09","2009",18.5,0,14.2,1.8
"04","10","2009",NA,0,1.2,0
"04","11","2009",1,0,0,0
"04","12","2009",NA,0,0,0
"04","13","2009",0,0,0,0
"04","14","2009",0,0,0,0
"04","15","2009",NA,0,0,0
"04","16","2009",0,0,0,0.2
"04","17","2009",4.4,46,0,18.3
"04","18","2009",14.4,0,2.3,8.7
"04","19","2009",5,48.2,0,0
"04","20","2009",49,0,23.8,6.7
"04","21","2009",0,0,30.6,52.9
"04","22","2009",5,0,50.2,13.6
"04","23","2009",0,0,2.3,2.2
"04","24","2009",0,0,0,0
"04","25","2009",0,0,0,0
"04","26","2009",0,12.8,0,0
"04","27","2009",0,0,0,0
"04","28","2009",24.5,12.2,3.2,6.1
"04","29","2009",NA,0,0,0.6
"04","30","2009",29.6,0,8.2,0
"05","01","2009",1.6,0,0,3.3
"05","02","2009",17.2,0,0,1.2
"05","03","2009",0.1,0,0,27.9
"05","04","2009",1.4,24.8,0,0
"05","05","2009",0.8,0,0,0.3
"05","06","2009",11.6,0,38.7,0
"05","07","2009",7,0,0,10.8
"05","08","2009",12.7,0,0,4.4
"05","09","2009",0,0,0,37
"05","10","2009",0,0,0,0
"05","11","2009",0,23.8,0,0
"05","12","2009",NA,0,0,0
"05","13","2009",0,24.4,0,0
"05","14","2009",0,0,0,0
"05","15","2009",9.6,0,0,0
"05","16","2009",0,31.8,55.4,0
"05","17","2009",30.9,0,2.1,2.8
"05","18","2009",9.7,0,0,4
"05","19","2009",NA,76.8,0,0.9
"05","20","2009",17.5,0,85.6,7.4
"05","21","2009",18.5,0,0,0
"05","22","2009",0.7,0,0,0
"05","23","2009",0.7,0,0,0
"05","24","2009",1.9,0,0,0
"05","25","2009",0.1,0,0,8.6
"05","26","2009",0,0,0,0
"05","27","2009",0,0,0,0
"05","28","2009",14.7,0,0,0
"05","29","2009",4.7,0,0,0
"05","30","2009",NA,0,0,0
"05","31","2009",0,0,0,NA
"06","01","2009",0,6.8,0,0
"06","02","2009",0,0,0,0
"06","03","2009",NA,98.2,20.5,26.1
"06","04","2009",2.5,0,40.3,14.7
"06","05","2009",0.5,0,32.2,11.4
"06","06","2009",0,48.2,13.8,2
"06","07","2009",33.4,0,28.5,29.4
"06","08","2009",0.4,0,0,0
"06","09","2009",0,12.2,0,0
"06","10","2009",22.7,36.8,0,14.3
"06","11","2009",0.8,0,21.2,15.6
"06","12","2009",15.1,0,0,3
"06","13","2009",NA,0,0,10.3
"06","14","2009",NA,0,0,1.9
"06","15","2009",NA,0,0,0
"06","16","2009",0,0,0,0
"06","17","2009",0,0,0,0.7
"06","18","2009",0,24.2,0,7.3
"06","19","2009",13.2,0,3,0.1
"06","20","2009",26.3,12.6,8,15.2
"06","21","2009",12.6,0,12,32.4
"06","22","2009",0.6,96.8,0,87.4
"06","23","2009",106.6,0,41,56.3
"06","24","2009",0,29.6,0,0
"06","25","2009",58.8,0,17,0
"06","26","2009",0.1,0,23,19.3
"06","27","2009",0,14.8,0,0
"06","28","2009",NA,0,25,6.8
"06","29","2009",0.2,0,0,0.7
"06","30","2009",50.2,18.2,13,1.1
"07","01","2009",2.5,28.6,18,0
"07","02","2009",16.3,34.4,27,7.8
"07","03","2009",31.8,0,7,2
"07","04","2009",15.7,0,2,2.9
"07","05","2009",0,31.4,32,0
"07","06","2009",54,0,10,1.7
"07","07","2009",0,21.8,0,0
"07","08","2009",6.6,0,24,2
"07","09","2009",11.4,12.8,0,0.7
"07","10","2009",18,0,7,0
"07","11","2009",10,14.4,11,6.3
"07","12","2009",0.4,0,0,0.1
"07","13","2009",0,16.4,5,13.1
"07","14","2009",NA,0,7,7.4
"07","15","2009",0.4,0,2,0.2
"07","16","2009",6.1,0,13,2
"07","17","2009",31.2,0,1,5.2
"07","18","2009",NA,0,1,46.6
"07","19","2009",NA,18.4,0,0.2
"07","20","2009",NA,32.4,15,0
"07","21","2009",66.9,0,18,41.9
"07","22","2009",0.1,0,29,0
"07","23","2009",13.1,0,3,54.2
"07","24","2009",0,0,0,0
"07","25","2009",0,0,0,0
"07","26","2009",22.1,12.8,10,25.9
"07","27","2009",0.7,0,0,0.3
"07","28","2009",97,28.4,40,10.6
"07","29","2009",0.1,0,1,15.3
"07","30","2009",NA,0,0,5
"07","31","2009",4.8,0,0,0.2
"08","01","2009",3.2,0,0,0
"08","02","2009",0.1,38.4,5,0
"08","03","2009",0.9,5.6,0,0.7
"08","04","2009",8.7,16.2,23,47.1
"08","05","2009",14.2,0,2,5.7
"08","06","2009",17.5,0,0,2.9
"08","07","2009",35.2,14.2,3,1.4
"08","08","2009",13.7,36.2,0,0
"08","09","2009",19.3,12.8,9,17.3
"08","10","2009",NA,0,0,0
"08","11","2009",NA,0,12,0
"08","12","2009",0,0,0,19.4
"08","13","2009",0.7,0,6,7
"08","14","2009",0.2,0,0,0
"08","15","2009",0,0,0,0
"08","16","2009",0.2,0,21,6
"08","17","2009",49,0,37,3.3
"08","18","2009",0.8,0,0,2
"08","19","2009",0,28.4,0,0
"08","20","2009",NA,18.2,0,18.2
"08","21","2009",0,0,0,20.4
"08","22","2009",0.2,0,15,59.4
"08","23","2009",7.6,0,0,0.8
"08","24","2009",10.8,0,1,2.3
"08","25","2009",0.7,34.8,0,0.2
"08","26","2009",19.7,24.4,0,2.3
"08","27","2009",0.1,0,8,13.6
"08","28","2009",54.8,0,3,15.6
"08","29","2009",1,0,0,0.5
"08","30","2009",8,0,0,0
"08","31","2009",0,0,0,0
"09","01","2009",1.1,0,0,3.4
"09","02","2009",0,0,0,0.1
"09","03","2009",0.4,0,34,4.5
"09","04","2009",0.2,0,0,23.6
"09","05","2009",0,0,0,0
"09","06","2009",0,0,0,0
"09","07","2009",0,0,0,0
"09","08","2009",35.9,0,0,2.9
"09","09","2009",0.6,0,14,0.3
"09","10","2009",NA,0,0,0
"09","11","2009",6.6,0,0,14.5
"09","12","2009",0.2,0,0,1.2
"09","13","2009",NA,13.4,34,19.9
"09","14","2009",NA,32.4,2,70.8
"09","15","2009",1.1,0,3,0
"09","16","2009",0.5,0,0,0
"09","17","2009",22.8,0,1,0.5
"09","18","2009",0.1,0,0,0
"09","19","2009",0,0,0,0
"09","20","2009",1.5,0,3,0
"09","21","2009",8.9,0,62,3.1
"09","22","2009",NA,0,0,0.2
"09","23","2009",0,0,0,0
"09","24","2009",0,0,0,2.9
"09","25","2009",16.7,0,14,0
"09","26","2009",1,0,0,3.6
"09","27","2009",30.5,0,6,6.8
"09","28","2009",0.2,0,0,0.5
"09","29","2009",0,0,0,0
"09","30","2009",0.1,0,0,0.1
"10","01","2009",NA,64.4,11,0
"10","02","2009",0,0,31,0.9
"10","03","2009",30.7,0,13,8.8
"10","04","2009",0,0,0,0
"10","05","2009",NA,0,0,0
"10","06","2009",0,34.4,0,0.2
"10","07","2009",NA,0,9,24.8
"10","08","2009",NA,0,0,0
"10","09","2009",0,0,0,0
"10","10","2009",NA,0,1,0
"10","11","2009",3.7,0,10,1.4
"10","12","2009",0,0,0,0
"10","13","2009",NA,0,0,0
"10","14","2009",NA,24.4,0,0
"10","15","2009",NA,55.8,45,62.4
"10","16","2009",3.2,0,0,3.4
"10","17","2009",0.1,0,0,0
"10","18","2009",NA,0,0,0
"10","19","2009",NA,0,0,0
"10","20","2009",NA,0,0,0
"10","21","2009",NA,0,0,0
"10","22","2009",0,12.6,0,0.6
"10","23","2009",NA,0,11,50.2
"10","24","2009",NA,0,2,12.7
"10","25","2009",NA,0,0,0.2
"10","26","2009",0,13.6,0,0
"10","27","2009",NA,0,17,0
"10","28","2009",8.6,0,0,0
"10","29","2009",0.2,71.6,0,0.1
"10","30","2009",NA,8.6,0,0
"10","31","2009",NA,0,17,16.3
"11","01","2009",NA,0,0,0
"11","02","2009",NA,0,0,0
"11","03","2009",NA,0,0,0
"11","04","2009",NA,0,13,0
"11","05","2009",NA,0,3,0
"11","06","2009",NA,0,0,0
"11","07","2009",NA,0,0,0
"11","08","2009",NA,0,5,0
"11","09","2009",NA,0,0,0
"11","10","2009",NA,0,0,0
"11","11","2009",NA,0,0,0
"11","12","2009",NA,0,0,0
"11","13","2009",NA,45.8,51,0.5
"11","14","2009",NA,0,39,38.8
"11","15","2009",NA,0,0,0
"11","16","2009",NA,0,0,0
"11","17","2009",NA,0,0,0
"11","18","2009",NA,0,0,0
"11","19","2009",NA,0,0,0
"11","20","2009",NA,0,0,0
"11","21","2009",NA,0,15,1.1
"11","22","2009",NA,0,0,0
"11","23","2009",NA,0,0,0
"11","24","2009",NA,0,0,0
"11","25","2009",NA,0,0,0
"11","26","2009",NA,0,0,0
"11","27","2009",NA,0,0,0
"11","28","2009",NA,0,0,0
"11","29","2009",NA,0,0,0
"11","30","2009",NA,0,0,0
"12","01","2009",NA,0,5,0
"12","02","2009",NA,0,0,0
"12","03","2009",NA,0,0,0
"12","04","2009",NA,0,0,0
"12","05","2009",NA,0,0,0
"12","06","2009",NA,0,0,0
"12","07","2009",NA,0,0,0
"12","08","2009",NA,0,0,1.4
"12","09","2009",NA,0,0,0
"12","10","2009",NA,0,0,0
"12","11","2009",NA,0,0,0
"12","12","2009",NA,0,0,0
"12","13","2009",NA,0,0,0
"12","14","2009",NA,0,0,0
"12","15","2009",NA,0,0,0
"12","16","2009",NA,0,0,0
"12","17","2009",NA,0,0,0
"12","18","2009",NA,0,0,0
"12","19","2009",NA,0,0,0
"12","20","2009",NA,11,8,4.1
"12","21","2009",NA,0,0,19.3
"12","22","2009",NA,0,0,6.8
"12","23","2009",NA,0,0,0
"12","24","2009",0,0,0,0
"12","25","2009",0,0,0,0
"12","26","2009",NA,0,0,0
"12","27","2009",NA,0,0,0
"12","28","2009",NA,0,0,0
"12","29","2009",0,0,0,0
"12","30","2009",0,0,0,0
"12","31","2009",0,0,0,0
"01","01","2010",0,0,0,0
"01","02","2010",NA,0,0,0
"01","03","2010",0,0,0,0
"01","04","2010",0,0,0,0
"01","05","2010",NA,0,0,0
"01","06","2010",0,0,0,0
"01","07","2010",0,0,0,0
"01","08","2010",NA,0,0,0
"01","09","2010",NA,0,0,0
"01","10","2010",NA,0,0,0
"01","11","2010",NA,0,0,0
"01","12","2010",NA,0,0,0
"01","13","2010",NA,0,0,0
"01","14","2010",0,0,0,0
"01","15","2010",NA,0,0,0
"01","16","2010",NA,0,0,0
"01","17","2010",0,0,0,0
"01","18","2010",NA,0,0,0
"01","19","2010",NA,0,0,0
"01","20","2010",0,0,0,0
"01","21","2010",0,0,0,0
"01","22","2010",NA,0,0,0
"01","23","2010",NA,0,0,0
"01","24","2010",NA,0,0,0
"01","25","2010",0,0,0,0
"01","26","2010",0,0,0,0
"01","27","2010",0,0,0,0
"01","28","2010",0,0,0,0
"01","29","2010",NA,0,0,0
"01","30","2010",NA,0,0,0
"01","31","2010",0,0,0,0
"02","01","2010",NA,0,0,0
"02","02","2010",NA,0,0,0
"02","03","2010",NA,0,0,0
"02","04","2010",NA,0,0,0
"02","05","2010",NA,0,0,0
"02","06","2010",NA,0,0,0
"02","07","2010",NA,0,0,0
"02","08","2010",NA,0,1,0
"02","09","2010",NA,0,0,0
"02","10","2010",0,0,0,0
"02","11","2010",0,0,0,0
"02","12","2010",NA,0,0,0
"02","13","2010",0,0,0,0
"02","14","2010",0,0,0,0
"02","15","2010",NA,0,0,0
"02","16","2010",NA,0,0,0
"02","17","2010",NA,0,0,0
"02","18","2010",0,0,0,0
"02","19","2010",0,0,0,1.7
"02","20","2010",0.2,0,0,0.1
"02","21","2010",NA,0,0,0
"02","22","2010",0,0,0,0
"02","23","2010",0,0,0,0
"02","24","2010",NA,0,0,0
"02","25","2010",NA,0,0,2.6
"02","26","2010",NA,0,0,0
"02","27","2010",0,0,0,0
"02","28","2010",NA,0,0,0
"03","01","2010",NA,0,0,0
"03","02","2010",NA,0,0,0.9
"03","03","2010",NA,21.4,24,0
"03","04","2010",2.3,0,0,8.3
"03","05","2010",NA,0,31,11.4
"03","06","2010",0,0,0,3
"03","07","2010",0,8.2,0,2
"03","08","2010",NA,0,0,0.6
"03","09","2010",NA,0,0,2.4
"03","10","2010",NA,0,0,0
"03","11","2010",1.1,0,0,0
"03","12","2010",NA,0,0,0
"03","13","2010",NA,0,0,0
"03","14","2010",NA,0,0,0
"03","15","2010",NA,0,0,0
"03","16","2010",7.5,0,0,0
"03","17","2010",0.1,68.2,0,2.1
"03","18","2010",NA,0,0,1.5
"03","19","2010",0.1,0,0,0
"03","20","2010",NA,0,15,10.6
"03","21","2010",0,0,0,2.1
"03","22","2010",0.1,0,0,0
"03","23","2010",NA,0,0,0
"03","24","2010",NA,0,0,0
"03","25","2010",NA,0,0,0
"03","26","2010",0,0,0,0
"03","27","2010",0,0,0,0
"03","28","2010",0,10.8,0,25.6
"03","29","2010",NA,0,0,3.4
"03","30","2010",NA,0,0,0
"03","31","2010",0,0,0,0
"04","01","2010",1.4,4.8,2,0
"04","02","2010",0,0,0,3.6
"04","03","2010",6.9,0,0,0
"04","04","2010",NA,38.2,0,0
"04","05","2010",17.4,12.8,0,3.5
"04","06","2010",NA,0,2,1.3
"04","07","2010",NA,48.2,8,13.9
"04","08","2010",9.5,0,42,0.5
"04","09","2010",31.4,38.2,3,0
"04","10","2010",NA,0,4,3.3
"04","11","2010",0,0,3,0
"04","12","2010",0,6.4,6,1.8
"04","13","2010",47.8,0,4,1.4
"04","14","2010",0,6.2,1,0
"04","15","2010",19.8,0,0,0.7
"04","16","2010",15.4,0,8,0.2
"04","17","2010",0.1,31.8,0,0
"04","18","2010",NA,0,81,11.5
"04","19","2010",NA,0,0,0
"04","20","2010",NA,0,0,0
"04","21","2010",0,0,0,7.3
"04","22","2010",NA,0,0,0
"04","23","2010",9.8,0,34,1.5
"04","24","2010",NA,13.6,0,2.8
"04","25","2010",0.4,0,0,14
"04","26","2010",NA,0,0,0
"04","27","2010",NA,0,5,9.3
"04","28","2010",NA,0,0,7
"04","29","2010",NA,0,0,0
"04","30","2010",0,0,0,0
"05","01","2010",NA,0,0,0
"05","02","2010",0,43.2,0,0.5
"05","03","2010",6.7,0,0,1.6
"05","04","2010",NA,0,0,0
"05","05","2010",NA,0,0,0
"05","06","2010",NA,0,0,0
"05","07","2010",0,0,0,0
"05","08","2010",14.2,0,3,7
"05","09","2010",NA,32.2,25,4.5
"05","10","2010",NA,66.8,1,1.5
"05","11","2010",29.8,0,78,44.1
"05","12","2010",NA,0,3,0
"05","13","2010",0,0,0,0
"05","14","2010",0,0,0,0.5
"05","15","2010",NA,0,0,2.2
"05","16","2010",0.3,0,4,2.2
"05","17","2010",NA,0,3,28.8
"05","18","2010",5.6,0,5,12.1
"05","19","2010",3.3,0,0,12.8
"05","20","2010",4.4,0,0,22
"05","21","2010",0.2,66.4,6,0
"05","22","2010",17.1,0,4,3.3
"05","23","2010",0.1,0,9,0
"05","24","2010",NA,18.4,0,0.8
"05","25","2010",NA,0,15,57.1
"05","26","2010",NA,56.4,11,13.5
"05","27","2010",8.4,0,8,10.9
"05","28","2010",NA,0,0,2.8
"05","29","2010",NA,0,0,0
"05","30","2010",18.8,21.6,0,0
"05","31","2010",10,56.2,0,44.5
"06","01","2010",0.1,0,2,17.8
"06","02","2010",0.1,0,0,0
"06","03","2010",35.6,0,12,0.5
"06","04","2010",NA,0,0,0
"06","05","2010",0.1,0,0,35.1
"06","06","2010",1.9,0,0,1.7
"06","07","2010",0.2,32.8,18,0
"06","08","2010",NA,28.4,7,43.8
"06","09","2010",5,0,0,2
"06","10","2010",0.1,0,0,0.8
"06","11","2010",0,0,0,6.2
"06","12","2010",NA,44.2,0,3.9
"06","13","2010",NA,0,8,11.3
"06","14","2010",77.8,0,0,4
"06","15","2010",0.3,0,0,0.4
"06","16","2010",10.6,12.4,0,3.9
"06","17","2010",0.2,0,82,1.1
"06","18","2010",5.8,0,13,3.9
"06","19","2010",NA,88.2,0,0.7
"06","20","2010",21.9,0,0,0.5
"06","21","2010",0.1,78.2,2,0.9
"06","22","2010",1.4,0,1,27.3
"06","23","2010",0.2,0,0,1.1
"06","24","2010",0,28.4,2,33.4
"06","25","2010",123.2,0,0,1.5
"06","26","2010",0.1,8.2,4,21.7
"06","27","2010",NA,0,17,1.3
"06","28","2010",NA,0,0,42.4
"06","29","2010",NA,0,7,6.3
"06","30","2010",NA,13.4,0,0
"07","01","2010",30.8,14.8,41,78.4
"07","02","2010",2.1,22.6,11,20.9
"07","03","2010",6.3,0,0,0.9
"07","04","2010",0.2,0,0,0.2
"07","05","2010",0.1,31.6,3,13.3
"07","06","2010",0,0,23,10
"07","07","2010",NA,0,24,14.7
"07","08","2010",20.3,0,6,17.7
"07","09","2010",NA,0,0,0
"07","10","2010",21,31.8,25,26.9
"07","11","2010",77.2,0,0,0.5
"07","12","2010",0.1,0,5,0
"07","13","2010",3.4,0,5,3.3
"07","14","2010",0.1,56.4,0,1.2
"07","15","2010",1.1,23.6,0,2
"07","16","2010",94.3,0,36,9.3
"07","17","2010",4.9,0,6,0
"07","18","2010",4.7,0,0,14
"07","19","2010",NA,0,0,0
"07","20","2010",NA,0,0,0
"07","21","2010",NA,22.4,0,0
"07","22","2010",NA,0,0,0
"07","23","2010",NA,68.4,32,16.7
"07","24","2010",NA,0,9,13.6
"07","25","2010",NA,0,2,15.3
"07","26","2010",NA,0,0,5.3
"07","27","2010",NA,0,3,26.9
"07","28","2010",NA,30.8,0,0
"07","29","2010",NA,0,13,14.6
"07","30","2010",NA,0,0,0
"07","31","2010",NA,0,0,0
"08","01","2010",NA,0,0,4.9
"08","02","2010",NA,56.2,0,0
"08","03","2010",NA,0,0,6.1
"08","04","2010",NA,0,0,0
"08","05","2010",NA,0,0,0
"08","06","2010",NA,0,0,0
"08","07","2010",NA,0,0,0
"08","08","2010",NA,0,0,0
"08","09","2010",NA,0,0,0
"08","10","2010",NA,0,0,1.3
"08","11","2010",NA,0,0,0.2
"08","12","2010",NA,0,0,9.7
"08","13","2010",NA,54.2,92,2.1
"08","14","2010",NA,0,11,1.5
"08","15","2010",NA,0,0,0
"08","16","2010",NA,0,0,0.2
"08","17","2010",NA,48.2,0,1.6
"08","18","2010",NA,0,0,5.3
"08","19","2010",NA,41.8,0,0
"08","20","2010",NA,0,0,7.9
"08","21","2010",NA,0,0,14.6
"08","22","2010",NA,0,0,0
"08","23","2010",NA,0,0,0
"08","24","2010",NA,16.8,0,0
"08","25","2010",NA,0,0,28.2
"08","26","2010",NA,28.4,17,0
"08","27","2010",NA,0,0,51.3
"08","28","2010",NA,0,0,0
"08","29","2010",NA,0,0,0
"08","30","2010",NA,8.2,0,0
"08","31","2010",NA,0,0,10.9
"09","01","2010",NA,0,94,15.5
"09","02","2010",NA,0,0,44.4
"09","03","2010",NA,0,28,0
"09","04","2010",NA,16.8,14,1.2
"09","05","2010",NA,21.6,0,0
"09","06","2010",NA,0,0,0
"09","07","2010",NA,0,0,0
"09","08","2010",NA,0,54,0.4
"09","09","2010",NA,11.8,10,56.8
"09","10","2010",NA,18.8,5,2.3
"09","11","2010",NA,0,59,6.7
"09","12","2010",2.3,0,19,17.1
"09","13","2010",NA,0,15,0
"09","14","2010",0.1,38.2,0,0
"09","15","2010",NA,0,44,0.2
"09","16","2010",2.7,0,5,15.2
"09","17","2010",NA,0,8,12.4
"09","18","2010",0,24.6,7,1
"09","19","2010",2.7,25.4,0,0.8
"09","20","2010",NA,0,0,0.8
"09","21","2010",NA,0,18,1.2
"09","22","2010",NA,54.2,0,0
"09","23","2010",NA,0,5,18.7
"09","24","2010",NA,0,0,0
"09","25","2010",NA,0,0,1.5
"09","26","2010",NA,0,0,0
"09","27","2010",NA,0,2,14.3
"09","28","2010",NA,0,0,0
"09","29","2010",NA,0,0,4.5
"09","30","2010",NA,12.8,0,0
"10","01","2010",NA,38.4,12,0
"10","02","2010",NA,44.6,0,48.6
"10","03","2010",NA,0,52,8.8
"10","04","2010",NA,0,0,18.5
"10","05","2010",NA,0,0,0
"10","06","2010",NA,0,2,0
"10","07","2010",NA,38.6,0,0
"10","08","2010",NA,0,8,34.4
"10","09","2010",NA,0,0,0.2
"10","10","2010",NA,0,7,38.3
"10","11","2010",NA,0,0,0
"10","12","2010",NA,0,0,0
"10","13","2010",NA,0,0,0
"10","14","2010",NA,0,3,0
"10","15","2010",NA,0,0,0
"10","16","2010",NA,0,3,5
"10","17","2010",NA,0,0,0
"10","18","2010",NA,13.6,0,3.8
"10","19","2010",NA,0,0,0
"10","20","2010",NA,0,0,0
"10","21","2010",NA,0,0,0
"10","22","2010",NA,0,0,0
"10","23","2010",NA,0,0,0
"10","24","2010",NA,0,0,0
"10","25","2010",NA,0,0,0
"10","26","2010",NA,0,0,0
"10","27","2010",NA,0,0,0.2
"10","28","2010",NA,0,0,0
"10","29","2010",NA,0,0,0
"10","30","2010",NA,0,0,0
"10","31","2010",NA,0,0,0
"11","01","2010",NA,0,0,34.8
"11","02","2010",NA,0,0,0.3
"11","03","2010",NA,0,0,0.2
"11","04","2010",NA,36.8,2,0
"11","05","2010",NA,0,0,0
"11","06","2010",NA,38.4,30,13.2
"11","07","2010",NA,0,0,20.8
"11","08","2010",NA,0,0,3.6
"11","09","2010",NA,0,0,47.1
"11","10","2010",NA,0,0,2.5
"11","11","2010",NA,0,0,0.1
"11","12","2010",NA,0,0,22.7
"11","13","2010",NA,14.2,0,0
"11","14","2010",NA,0,0,0.2
"11","15","2010",NA,0,0,0
"11","16","2010",NA,0,0,0.3
"11","17","2010",NA,0,0,4.9
"11","18","2010",NA,0,0,5.4
"11","19","2010",NA,0,0,0
"11","20","2010",NA,0,0,0
"11","21","2010",NA,0,0,0
"11","22","2010",NA,0,0,0
"11","23","2010",NA,0,0,0
"11","24","2010",NA,0,0,0
"11","25","2010",NA,0,0,0
"11","26","2010",NA,0,4,1.5
"11","27","2010",NA,0,5,2.7
"11","28","2010",NA,0,6,0
"11","29","2010",NA,0,0,0.5
"11","30","2010",NA,0,0,0
"12","01","2010",NA,0,3,0.6
"12","02","2010",NA,24.8,0,0.4
"12","03","2010",NA,0,8,1
"12","04","2010",NA,0,3,1
"12","05","2010",NA,0,0,0
"12","06","2010",NA,0,0,5.9
"12","07","2010",NA,0,11,0
"12","08","2010",NA,0,0,0
"12","09","2010",NA,0,0,0.4
"12","10","2010",NA,0,0,0
"12","11","2010",NA,0,0,0.2
"12","12","2010",NA,0,5,0
"12","13","2010",NA,0,0,0
"12","14","2010",NA,0,0,0
"12","15","2010",NA,0,0,0
"12","16","2010",NA,0,0,0
"12","17","2010",NA,0,0,0
"12","18","2010",NA,0,0,0
"12","19","2010",NA,0,0,0
"12","20","2010",NA,0,0,0
"12","21","2010",NA,0,0,0
"12","22","2010",NA,0,0,0
"12","23","2010",NA,0,0,0
"12","24","2010",NA,0,0,0.3
"12","25","2010",NA,0,8,0.2
"12","26","2010",NA,0,7,0.2
"12","27","2010",NA,0,6,0
"12","28","2010",NA,0,0,0.3
"12","29","2010",NA,0,0,0
"12","30","2010",NA,0,0,0
"12","31","2010",NA,0,0,0
"01","01","2011",NA,0,0,0
"01","02","2011",NA,0,3,2.2
"01","03","2011",NA,0,5,0
"01","04","2011",NA,0,0,0
"01","05","2011",NA,0,0,0
"01","06","2011",NA,0,0,51.1
"01","07","2011",NA,18.6,0,7.1
"01","08","2011",NA,0,8,0
"01","09","2011",NA,0,0,0
"01","10","2011",NA,0,0,0
"01","11","2011",NA,0,9,0
"01","12","2011",NA,0,0,0
"01","13","2011",NA,0,0,0
"01","14","2011",NA,0,0,0
"01","15","2011",NA,0,0,0
"01","16","2011",NA,0,0,0
"01","17","2011",NA,0,0,0
"01","18","2011",NA,0,0,0
"01","19","2011",NA,0,0,0
"01","20","2011",NA,0,0,0
"01","21","2011",NA,0,0,0
"01","22","2011",NA,0,0,0
"01","23","2011",NA,0,0,0
"01","24","2011",NA,0,0,0
"01","25","2011",NA,0,0,0
"01","26","2011",NA,0,0,0
"01","27","2011",NA,0,0,0
"01","28","2011",NA,0,0,0
"01","29","2011",NA,0,0,0
"01","30","2011",NA,0,0,0
"01","31","2011",NA,0,0,0
"02","01","2011",NA,0,0,0
"02","02","2011",NA,0,0,0
"02","03","2011",NA,0,0,0
"02","04","2011",NA,0,0,0
"02","05","2011",NA,0,0,0
"02","06","2011",NA,0,0,0
"02","07","2011",NA,0,5,0
"02","08","2011",NA,0,1,0
"02","09","2011",NA,0,0,0
"02","10","2011",NA,0,0,0
"02","11","2011",NA,0,0,0
"02","12","2011",NA,0,0,0
"02","13","2011",NA,0,0,0
"02","14","2011",NA,0,0,0
"02","15","2011",NA,0,0,0
"02","16","2011",NA,0,0,0
"02","17","2011",NA,0,0,0
"02","18","2011",NA,0,0,0
"02","19","2011",NA,0,0,0
"02","20","2011",NA,0,0,0
"02","21","2011",NA,0,0,0
"02","22","2011",NA,0,0,0
"02","23","2011",NA,0,0,0
"02","24","2011",NA,0,0,9.4
"02","25","2011",NA,0,0,0
"02","26","2011",NA,98.4,3,18.8
"02","27","2011",NA,0,2,6.4
"02","28","2011",NA,0,2,3.3
"03","01","2011",NA,0,0,0
"03","02","2011",NA,0,0,0
"03","03","2011",NA,0,0,0
"03","04","2011",NA,0,0,0
"03","05","2011",NA,0,1,0
"03","06","2011",NA,0,0,17
"03","07","2011",NA,0,0,0
"03","08","2011",NA,0,0,0
"03","09","2011",NA,0,2,0
"03","10","2011",NA,0,9,0
"03","11","2011",NA,0,0,0
"03","12","2011",NA,0,0,0
"03","13","2011",NA,0,0,0
"03","14","2011",NA,0,0,0
"03","15","2011",NA,0,0,0
"03","16","2011",NA,0,0,0
"03","17","2011",NA,0,2,0.1
"03","18","2011",NA,0,0,5.9
"03","19","2011",NA,0,0,0
"03","20","2011",NA,0,0,0
"03","21","2011",NA,0,0,0
"03","22","2011",NA,0,5,0
"03","23","2011",NA,18.6,2,11.3
"03","24","2011",NA,11.4,0,3.1
"03","25","2011",NA,8.4,75,16
"03","26","2011",NA,0,0,0
"03","27","2011",NA,0,0,0
"03","28","2011",NA,0,0,0
"03","29","2011",NA,0,0,0
"03","30","2011",NA,0,0,0
"03","31","2011",NA,0,0,0
"04","01","2011",NA,0,0,0
"04","02","2011",NA,0,0,0
"04","03","2011",NA,0,0,0.7
"04","04","2011",NA,0,0,0.3
"04","05","2011",NA,0,0,0
"04","06","2011",NA,0,0,0
"04","07","2011",NA,0,0,0
"04","08","2011",NA,0,0,0
"04","09","2011",NA,5.9,0,0
"04","10","2011",NA,4.6,0,0
"04","11","2011",NA,0.9,12,37.8
"04","12","2011",NA,9.8,3,3.8
"04","13","2011",NA,3.2,4,0
"04","14","2011",NA,0.8,54,10.4
"04","15","2011",NA,15.2,3,5.1
"04","16","2011",NA,126.4,6,30.9
"04","17","2011",NA,0,0,0
"04","18","2011",NA,0,34,12.2
"04","19","2011",NA,0,12,0.2
"04","20","2011",NA,11.8,29,11.7
"04","21","2011",NA,0,0,0
"04","22","2011",NA,12.2,6,0.3
"04","23","2011",NA,9.6,0,0
"04","24","2011",NA,0,0,0
"04","25","2011",NA,0,0,0
"04","26","2011",NA,0,0,0
"04","27","2011",NA,0,8,0
"04","28","2011",NA,18.4,17,1.1
"04","29","2011",NA,NA,19,2.7
"04","30","2011",NA,6,0,0.4
"05","01","2011",NA,1.8,0,0
"05","02","2011",NA,35.2,7,27.1
"05","03","2011",NA,1.2,8,1.6
"05","04","2011",NA,6.8,19,65.3
"05","05","2011",NA,3.8,0,0.1
"05","06","2011",NA,54.2,14,23.6
"05","07","2011",NA,11.4,0,8
"05","08","2011",NA,3.2,0,2.9
"05","09","2011",NA,0,8,9.7
"05","10","2011",NA,25,0,27.8
"05","11","2011",NA,0,13,8.5
"05","12","2011",NA,0,0,0.1
"05","13","2011",NA,28.9,20,38.3
"05","14","2011",NA,0,0,0
"05","15","2011",NA,28.8,56,13
"05","16","2011",NA,38.2,37,15.4
"05","17","2011",NA,69.2,68,0
"05","18","2011",NA,81.4,16,4.7
"05","19","2011",NA,9.8,0,4.8
"05","20","2011",NA,19.6,89,14.1
"05","21","2011",NA,0.4,0,7.1
"05","22","2011",NA,0,0,0
"05","23","2011",NA,21.4,0,0.2
"05","24","2011",NA,0,1,0
"05","25","2011",NA,16.5,0,0
"05","26","2011",NA,18.6,0,2.6
"05","27","2011",NA,48.2,0,1.9
"05","28","2011",NA,21.8,8,6.7
"05","29","2011",NA,0.7,0,9.2
"05","30","2011",NA,9.8,10,16
"05","31","2011",NA,52.8,5,4.3
"06","01","2011",NA,10,3,8.8
"06","02","2011",NA,2.1,73,34.9
"06","03","2011",NA,48.1,0,0.6
"06","04","2011",NA,10.8,3,4.6
"06","05","2011",NA,0,0,7.7
"06","06","2011",NA,0,0,2
"06","07","2011",NA,3.2,0,0
"06","08","2011",NA,6,0,0.6
"06","09","2011",NA,1.3,8,5.2
"06","10","2011",NA,0.2,13,35.2
"06","11","2011",NA,0.3,9,3
"06","12","2011",NA,0,4,10.8
"06","13","2011",NA,37.2,4,13.7
"06","14","2011",NA,0,0,0
"06","15","2011",NA,0.3,5,46.6
"06","16","2011",NA,0,9,2.8
"06","17","2011",NA,0,0,12.3
"06","18","2011",NA,1.4,10,16.1
"06","19","2011",NA,7.7,38,56.9
"06","20","2011",NA,2.1,6,3.6
"06","21","2011",NA,1.7,0,6
"06","22","2011",NA,0.5,4,5.5
"06","23","2011",NA,0.7,0,46.4
"06","24","2011",NA,2.4,2,14.6
"06","25","2011",NA,43.2,4,24.8
"06","26","2011",NA,68.1,8,3.5
"06","27","2011",NA,0,0,0.3
"06","28","2011",NA,0,0,0
"06","29","2011",NA,3.3,0,3.3
"06","30","2011",NA,9.7,0,12.6
"07","01","2011",NA,18.4,0,19.9
"07","02","2011",NA,0,0,0
"07","03","2011",NA,19.4,0,10.2
"07","04","2011",NA,82.6,17,11
"07","05","2011",NA,0,1,5.8
"07","06","2011",NA,0,9,3.3
"07","07","2011",NA,0,2,0.5
"07","08","2011",NA,12.8,0,2.6
"07","09","2011",NA,15.2,9,1.8
"07","10","2011",NA,7.5,12,1
"07","11","2011",NA,1.5,15,1.9
"07","12","2011",NA,26.6,55,7.6
"07","13","2011",NA,4.6,0,1.4
"07","14","2011",NA,0,1,0.1
"07","15","2011",NA,0,0,0.4
"07","16","2011",NA,0,0,0
"07","17","2011",NA,0,0,0
"07","18","2011",NA,12.2,8,18.1
"07","19","2011",NA,0,6,0
"07","20","2011",NA,8.2,9,5.1
"07","21","2011",NA,0,0,5
"07","22","2011",NA,32.8,21,13.8
"07","23","2011",NA,0.3,0,9.6
"07","24","2011",NA,0.8,0,4.3
"07","25","2011",NA,0.2,0,20.9
"07","26","2011",NA,15.6,0,0
"07","27","2011",NA,1.1,8,62.3
"07","28","2011",NA,0,0,0
"07","29","2011",NA,0,10,24.1
"07","30","2011",NA,13.6,41,55.8
"07","31","2011",NA,0,0,3.8
"08","01","2011",NA,0,0,0
"08","02","2011",NA,0.8,1,8.2
"08","03","2011",NA,0,0,3.2
"08","04","2011",NA,22.4,0,40.1
"08","05","2011",NA,0,0,0
"08","06","2011",NA,12.2,0,11.3
"08","07","2011",NA,6.2,0,0
"08","08","2011",NA,0,0,0
"08","09","2011",NA,0,40,14
"08","10","2011",NA,0.8,0,0.4
"08","11","2011",NA,4.8,30,3
"08","12","2011",NA,0.8,17,23.3
"08","13","2011",NA,2,1,0
"08","14","2011",NA,0,0,0.4
"08","15","2011",NA,16.8,0,2.9
"08","16","2011",NA,0,0,0
"08","17","2011",NA,0,0,40.4
"08","18","2011",NA,0,0,0
"08","19","2011",NA,0,5,27.3
"08","20","2011",NA,0.6,0,9.5
"08","21","2011",NA,1.5,0,0
"08","22","2011",NA,0,0,0.3
"08","23","2011",NA,0,0,2.8
"08","24","2011",NA,0,0,0
"08","25","2011",NA,0,0,0.7
"08","26","2011",NA,3.8,0,17.3
"08","27","2011",NA,0,0,0
"08","28","2011",NA,0,0,0.4
"08","29","2011",NA,0,0,0
"08","30","2011",NA,0,0,0.2
"08","31","2011",NA,48.8,0,0.4
"09","01","2011",NA,13.8,0,13.9
"09","02","2011",NA,0,0,2.4
"09","03","2011",NA,0,0,3.4
"09","04","2011",NA,0,0,0
"09","05","2011",NA,0,0,0
"09","06","2011",NA,0,0,0
"09","07","2011",NA,32.4,0,2.6
"09","08","2011",NA,0,0,3.1
"09","09","2011",NA,0,0,0
"09","10","2011",NA,12.2,15,0
"09","11","2011",NA,0,7,14
"09","12","2011",NA,0,0,0
"09","13","2011",NA,48.2,0,0
"09","14","2011",NA,0,0,0.1
"09","15","2011",NA,0,0,0.4
"09","16","2011",NA,0,1,0
"09","17","2011",NA,0,1,18.7
"09","18","2011",NA,0,0,0.3
"09","19","2011",NA,0,0,1.3
"09","20","2011",NA,0,0,0.2
"09","21","2011",NA,0,0,6.8
"09","22","2011",NA,0,0,0
"09","23","2011",NA,8.2,0,0
"09","24","2011",NA,16.4,15,0
"09","25","2011",NA,0,8,3.5
"09","26","2011",NA,0,0,0
"09","27","2011",NA,0,0,0
"09","28","2011",NA,0,0,0
"09","29","2011",NA,34.8,0,0
"09","30","2011",NA,0,0,0
"10","01","2011",NA,0,0,0
"10","02","2011",NA,31.6,0,0
"10","03","2011",NA,0,32,16.8
"10","04","2011",NA,0,0,0
"10","05","2011",NA,11.8,6,0
"10","06","2011",NA,64.2,1,0.7
"10","07","2011",NA,0,100,1.5
"10","08","2011",NA,0,7,3
"10","09","2011",NA,0,2,18.8
"10","10","2011",NA,0,0,4.9
"10","11","2011",NA,0,0,1.2
"10","12","2011",NA,0,2,28.2
"10","13","2011",NA,0,0,0
"10","14","2011",NA,0,0,0
"10","15","2011",NA,0,4,0.6
"10","16","2011",NA,0,2,0
"10","17","2011",NA,0,2,0
"10","18","2011",NA,0,2,1.4
"10","19","2011",NA,0,0,0
"10","20","2011",NA,8.4,0,0
"10","21","2011",NA,6.8,0,0
"10","22","2011",NA,0,0,0
"10","23","2011",NA,0,0,0
"10","24","2011",NA,0,0,0
"10","25","2011",NA,0,0,1.3
"10","26","2011",NA,8.9,9,3.4
"10","27","2011",NA,19.5,5,21.3
"10","28","2011",NA,0,0,8.2
"10","29","2011",NA,24.6,0,5.4
"10","30","2011",NA,0,0,0
"10","31","2011",NA,0,0,0
"11","01","2011",NA,0,0,6.5
"11","02","2011",NA,0,0,0
"11","03","2011",NA,3.4,0,0
"11","04","2011",NA,18.8,5,1
"11","05","2011",NA,0,0,0
"11","06","2011",NA,1.4,0,1.1
"11","07","2011",NA,1.2,0,1.3
"11","08","2011",NA,3.8,5,1.6
"11","09","2011",NA,0,0,4.6
"11","10","2011",NA,0.4,8,9.8
"11","11","2011",NA,45.2,12,6.8
"11","12","2011",NA,0,35,12.7
"11","13","2011",NA,0,66,18
"11","14","2011",NA,16.2,0,1.3
"11","15","2011",NA,9,7,4.1
"11","16","2011",NA,5.2,3,0.1
"11","17","2011",NA,0,7,51.3
"11","18","2011",NA,0,0,1.6
"11","19","2011",NA,0,3,0
"11","20","2011",NA,0,2,0
"11","21","2011",NA,0,0,0
"11","22","2011",NA,0,0,0
"11","23","2011",NA,0,0,0
"11","24","2011",NA,0,11,0
"11","25","2011",NA,0,4,33.6
"11","26","2011",NA,0,0,0
"11","27","2011",NA,8.8,0,0
"11","28","2011",NA,0,12,66.1
"11","29","2011",NA,0,0,0.1
"11","30","2011",NA,0,0,0
"12","01","2011",NA,0,1,1.2
"12","02","2011",NA,0,4,0
"12","03","2011",NA,0,0,0
"12","04","2011",NA,0,6,1.7
"12","05","2011",NA,24.6,0,0
"12","06","2011",NA,8.8,9,0.4
"12","07","2011",11.7,0,4,17.7
"12","08","2011",NA,0,0,0.9
"12","09","2011",NA,0,0,0
"12","10","2011",0,0,0,0
"12","11","2011",NA,0,0,0
"12","12","2011",8.7,0,0,14
"12","13","2011",0,0,1,0
"12","14","2011",0,0,0,0
"12","15","2011",0,0,0,0
"12","16","2011",0,0,0,7.3
"12","17","2011",0,0,0,0
"12","18","2011",0,0,2,0
"12","19","2011",0,0,0,0
"12","20","2011",0,0,0,0
"12","21","2011",0,0,0,0
"12","22","2011",0,0,0,0
"12","23","2011",3.5,0,1,2.3
"12","24","2011",0.3,0,0,0
"12","25","2011",0,0,0,0
"12","26","2011",0,0,0,0
"12","27","2011",0,0,0,0.2
"12","28","2011",0,0,0,0
"12","29","2011",0,0,0,0.2
"12","30","2011",0,0,0,0
"12","31","2011",0,0,0,0.2
"01","01","2012",0,0,0,0
"01","02","2012",0,0,0,0
"01","03","2012",0,0,0,0
"01","04","2012",0,0,0,0
"01","05","2012",0,0,0,0
"01","06","2012",0,0,0,0
"01","07","2012",0,0,0,0
"01","08","2012",0,0,0,0
"01","09","2012",0,0,0,0
"01","10","2012",0,0,0,0
"01","11","2012",0,0,0,0
"01","12","2012",0,0,0,0
"01","13","2012",0,0,0,0
"01","14","2012",0,0,0,0
"01","15","2012",0,0,0,0
"01","16","2012",0,0,0,0
"01","17","2012",0,0,0,0
"01","18","2012",0,0,0,0
"01","19","2012",0,0,0,0
"01","20","2012",0,0,0,0
"01","21","2012",0,0,0,0
"01","22","2012",0,0,0,0
"01","23","2012",0,0,0,0
"01","24","2012",0,0,0,0
"01","25","2012",0,0,0,0
"01","26","2012",0,0,0,0
"01","27","2012",0,0,0,0
"01","28","2012",0,0,0,0
"01","29","2012",0,0,0,0
"01","30","2012",0,0,0,0
"01","31","2012",0,0,0,0
"02","01","2012",0,0,0,0
"02","02","2012",0,0,0,0
"02","03","2012",0,0,0,0
"02","04","2012",0,0,0,0.8
"02","05","2012",NA,8.4,3,1.2
"02","06","2012",0,0,4,16.2
"02","07","2012",0.7,0,3,0.3
"02","08","2012",7.4,0,6,0.5
"02","09","2012",1.1,0,0,0
"02","10","2012",0,0,0,0
"02","11","2012",0,0,0,0
"02","12","2012",0,0,0,0
"02","13","2012",0,0,0,0
"02","14","2012",0,0,0,0
"02","15","2012",0,0,0,0
"02","16","2012",0,0,0,0
"02","17","2012",0,0,0,0
"02","18","2012",0,0,0,0
"02","19","2012",0,0,0,0
"02","20","2012",0,0,0,0
"02","21","2012",0,0,0,0
"02","22","2012",0,0,0,0
"02","23","2012",0,0,0,0
"02","24","2012",0,0,0,0
"02","25","2012",0,0,0,0
"02","26","2012",0,0,0,0
"02","27","2012",0,0,0,0
"02","28","2012",0,0,0,0
"02","29","2012",0,0,0,0
"03","01","2012",0,14.4,0,5.7
"03","02","2012",2.3,0,3,0.5
"03","03","2012",5.9,0,0,0
"03","04","2012",0.1,0,0,0
"03","05","2012",0,0,0,5.2
"03","06","2012",0,0,0,0
"03","07","2012",0,0,0,0
"03","08","2012",0,0,0,0
"03","09","2012",0,0,0,24.1
"03","10","2012",31.6,34.2,0,0.2
"03","11","2012",0,41.2,0,10.8
"03","12","2012",0,0,25,0.1
"03","13","2012",0,0,0,0.1
"03","14","2012",0,0,0,0
"03","15","2012",0,0,0,0
"03","16","2012",0,0,0,0.1
"03","17","2012",0,0,0,0
"03","18","2012",0,0,0,0.4
"03","19","2012",NA,0,14,0
"03","20","2012",NA,0,2,0
"03","21","2012",NA,0,0,1.1
"03","22","2012",NA,0,0,4.5
"03","23","2012",NA,31.6,18,7.7
"03","24","2012",NA,0,0,1.1
"03","25","2012",NA,0,14,0.2
"03","26","2012",NA,0,0,0
"03","27","2012",NA,34.6,0,0
"03","28","2012",NA,0,2,0
"03","29","2012",NA,12.4,4,0.8
"03","30","2012",0,0,8,2.8
"03","31","2012",NA,0,0,6.2
"04","01","2012",NA,0,4,0.2
"04","02","2012",NA,112.4,0,0
"04","03","2012",NA,0,3,0.8
"04","04","2012",NA,0,0,16.4
"04","05","2012",NA,113.8,0,0
"04","06","2012",NA,12.8,2,15.4
"04","07","2012",NA,0,38,27.6
"04","08","2012",NA,0,0,75.5
"04","09","2012",NA,0,0,5.8
"04","10","2012",NA,0,0,10.3
"04","11","2012",NA,63.8,2,25.9
"04","12","2012",NA,0,3,9.4
"04","13","2012",NA,0,0,1.3
"04","14","2012",NA,0,0,37.8
"04","15","2012",NA,0,2,4.8
"04","16","2012",0,0,0,0
"04","17","2012",NA,0,0,1.8
"04","18","2012",NA,0,2,26.9
"04","19","2012",NA,0,0,0
"04","20","2012",NA,64.4,0,19.8
"04","21","2012",0,0,4,1.2
"04","22","2012",NA,0,0,13.5
"04","23","2012",NA,38.4,3,22.8
"04","24","2012",NA,122.8,0,0
"04","25","2012",NA,12.6,17,64.7
"04","26","2012",NA,0,9,13
"04","27","2012",NA,0,0,0
"04","28","2012",NA,0,0,0
"04","29","2012",NA,0,0,0
"04","30","2012",NA,0,0,0
"05","01","2012",NA,56.8,0,0
"05","02","2012",NA,18.6,34,6.5
"05","03","2012",NA,31.8,0,23.6
"05","04","2012",NA,0,3,3.7
"05","05","2012",NA,0,4,0
"05","06","2012",NA,0,3,14.2
"05","07","2012",NA,0,25,56
"05","08","2012",NA,21.8,19,1.3
"05","09","2012",NA,0,8,24.3
"05","10","2012",NA,16.8,6,0
"05","11","2012",NA,21.4,9,27.2
"05","12","2012",NA,0,2,1
"05","13","2012",NA,0,0,0
"05","14","2012",NA,0,0,0
"05","15","2012",NA,0,0,0
"05","16","2012",NA,0,0,7.5
"05","17","2012",NA,28.4,7,16.4
"05","18","2012",NA,0,14,25.1
"05","19","2012",NA,0,0,8.8
"05","20","2012",NA,0,0,0.6
"05","21","2012",NA,21.4,0,0
"05","22","2012",NA,0,48,26.6
"05","23","2012",NA,22.8,2,26.7
"05","24","2012",NA,0,43,18.4
"05","25","2012",NA,0,0,0
"05","26","2012",NA,0,8,31
"05","27","2012",NA,0,0,0
"05","28","2012",NA,0,15,20.5
"05","29","2012",NA,26.8,0,6.5
"05","30","2012",NA,13.4,22,20.3
"05","31","2012",NA,0,28,76.4
"06","01","2012",NA,15.8,5,4.4
"06","02","2012",NA,0,1,6.9
"06","03","2012",NA,0,0,0
"06","04","2012",NA,0,0,0
"06","05","2012",NA,0,0,0
"06","06","2012",NA,0,4,0
"06","07","2012",NA,26.8,8,42.6
"06","08","2012",NA,0,15,1.6
"06","09","2012",NA,0,2,31.4
"06","10","2012",NA,0,4,4.9
"06","11","2012",NA,15.8,21,8.4
"06","12","2012",NA,13.4,4,2
"06","13","2012",NA,0,0,0.1
"06","14","2012",NA,28.6,0,1.2
"06","15","2012",NA,0,7,15.4
"06","16","2012",NA,0,8,0.1
"06","17","2012",NA,0,1,1.2
"06","18","2012",NA,0,0,15.4
"06","19","2012",NA,18.8,0,0
"06","20","2012",NA,0,0,4.2
"06","21","2012",NA,0,0,2.2
"06","22","2012",NA,0,0,0
"06","23","2012",NA,19.8,0,1.2
"06","24","2012",NA,0,0,0.8
"06","25","2012",NA,78.4,0,0.3
"06","26","2012",NA,8.6,0,0.1
"06","27","2012",NA,0,8,0.2
"06","28","2012",NA,0,0,0
"06","29","2012",NA,0,0,0
"06","30","2012",NA,0,0,9.6
"07","01","2012",NA,0,0,0.6
"07","02","2012",NA,0,2,2.6
"07","03","2012",NA,0,4,4.6
"07","04","2012",NA,0,8,41.7
"07","05","2012",NA,58.8,7,12.7
"07","06","2012",NA,0,6,26.3
"07","07","2012",NA,24.8,2,31.6
"07","08","2012",NA,0,0,23
"07","09","2012",NA,0,0,18.5
"07","10","2012",NA,0,0,0
"07","11","2012",NA,0,0,27.6
"07","12","2012",NA,0,0,4.3
"07","13","2012",NA,0,0,12.6
"07","14","2012",NA,0,0,0
"07","15","2012",NA,0,0,5
"07","16","2012",NA,0,8,6.1
"07","17","2012",NA,0,4,2.9
"07","18","2012",4.3,0,5,6.1
"07","19","2012",0,0,0,0.3
"07","20","2012",0,0,0,0
"07","21","2012",0,0,0,0
"07","22","2012",0,14.6,4,0
"07","23","2012",19.4,0,2,15.5
"07","24","2012",0,0,0,4.1
"07","25","2012",0,58.6,2,1.4
"07","26","2012",7.7,18.2,14,0.5
"07","27","2012",1.4,0,3,17.7
"07","28","2012",0,0,2,1.6
"07","29","2012",2.7,16.8,6,0
"07","30","2012",0,0,4,16.6
"07","31","2012",NA,0,0,2
"08","01","2012",0,0,0,0
"08","02","2012",0,0,0,0.1
"08","03","2012",1.1,18.6,8,0
"08","04","2012",NA,0,5,12.1
"08","05","2012",NA,0,2,26.5
"08","06","2012",NA,0,3,0
"08","07","2012",NA,0,0,0
"08","08","2012",0,0,0,0
"08","09","2012",NA,0,0,0
"08","10","2012",NA,0,0,14.6
"08","11","2012",NA,0,0,1
"08","12","2012",NA,0,13,4.6
"08","13","2012",NA,8.8,4,11
"08","14","2012",NA,0,11,5.5
"08","15","2012",NA,0,0,0
"08","16","2012",NA,34.2,0,0
"08","17","2012",NA,38.8,0,5.5
"08","18","2012",NA,0,0,0
"08","19","2012",NA,14.6,13,0
"08","20","2012",NA,0,5,0.9
"08","21","2012",NA,0,0,1.1
"08","22","2012",NA,0,0,1
"08","23","2012",NA,38.4,0,0
"08","24","2012",NA,0,24,10
"08","25","2012",NA,0,5,0.1
"08","26","2012",NA,0,0,0.7
"08","27","2012",NA,0,0,3.9
"08","28","2012",NA,0,0,0.9
"08","29","2012",NA,0,0,4.3
"08","30","2012",NA,0,0,0.4
"08","31","2012",NA,0,0,0
"09","01","2012",NA,0,0,0
"09","02","2012",NA,0,9,0
"09","03","2012",NA,38.4,0,5
"09","04","2012",NA,0,0,0.3
"09","05","2012",NA,18.6,0,12.1
"09","06","2012",NA,0,0,0
"09","07","2012",NA,24.8,0,0
"09","08","2012",NA,0,2,0.6
"09","09","2012",NA,0,0,8.5
"09","10","2012",NA,0,0,0
"09","11","2012",NA,9.8,0,0
"09","12","2012",NA,0,0,49.9
"09","13","2012",NA,28.8,0,4.4
"09","14","2012",NA,0,0,0
"09","15","2012",NA,0,0,0
"09","16","2012",NA,11.8,4,0
"09","17","2012",NA,0,0,0
"09","18","2012",NA,0,0,0
"09","19","2012",NA,0,0,0
"09","20","2012",NA,0,0,0
"09","21","2012",NA,0,0,0
"09","22","2012",NA,0,0,1.5
"09","23","2012",NA,0,0,0
"09","24","2012",NA,0,0,0.2
"09","25","2012",NA,0,0,0
"09","26","2012",NA,12.8,5,0
"09","27","2012",NA,0,2,2.4
"09","28","2012",NA,0,0,0
"09","29","2012",NA,0,0,6.8
"09","30","2012",NA,0,0,0
"10","01","2012",NA,0,2,22.6
"10","02","2012",NA,0,0,12.5
"10","03","2012",NA,0,0,0
"10","04","2012",NA,13.4,0,0
"10","05","2012",NA,0,10,0
"10","06","2012",NA,0,3,2.7
"10","07","2012",NA,0,0,14.5
"10","08","2012",NA,0,0,1.1
"10","09","2012",NA,0,0,0
"10","10","2012",NA,0,0,0
"10","11","2012",NA,26.8,0,0
"10","12","2012",NA,44.8,11,0
"10","13","2012",NA,0,0,47.9
"10","14","2012",NA,75.8,0,1.5
"10","15","2012",NA,0,11,59.3
"10","16","2012",NA,0,0,0.5
"10","17","2012",NA,0,8,33.9
"10","18","2012",NA,18.6,3,0.2
"10","19","2012",NA,0,0,0.5
"10","20","2012",NA,38.8,9,30.7
"10","21","2012",NA,0,0,0.4
"10","22","2012",NA,0,0,0.2
"10","23","2012",NA,0,0,0
"10","24","2012",NA,0,0,0.7
"10","25","2012",NA,0,0,0
"10","26","2012",NA,0,0,0
"10","27","2012",NA,0,0,0
"10","28","2012",NA,0,11,8.3
"10","29","2012",NA,0,0,0.3
"10","30","2012",NA,0,0,1.9
"10","31","2012",NA,0,0,0
"11","01","2012",NA,0,0,0
"11","02","2012",NA,0,0,0
"11","03","2012",NA,44.8,3,0.3
"11","04","2012",NA,18.6,0,5.3
"11","05","2012",NA,0,2,56.3
"11","06","2012",NA,0,0,0
"11","07","2012",NA,0,0,0
"11","08","2012",NA,0,0,0
"11","09","2012",NA,0,0,0
"11","10","2012",NA,0,0,0
"11","11","2012",NA,64.8,4,0
"11","12","2012",NA,0,0,0.5
"11","13","2012",NA,0,0,0
"11","14","2012",NA,0,0,0.5
"11","15","2012",NA,0,6,3
"11","16","2012",NA,0,0,1.3
"11","17","2012",NA,0,0,0
"11","18","2012",NA,0,0,0
"11","19","2012",NA,0,0,0
"11","20","2012",NA,0,0,0
"11","21","2012",NA,0,8,0
"11","22","2012",NA,0,0,0
"11","23","2012",NA,0,0,0
"11","24","2012",NA,0,0,0
"11","25","2012",NA,0,0,0
"11","26","2012",NA,0,0,0
"11","27","2012",NA,0,3,0
"11","28","2012",NA,0,0,0
"11","29","2012",NA,0,0,0
"11","30","2012",NA,0,0,0
"12","01","2012",0,0,0,0
"12","02","2012",0,0,0,0
"12","03","2012",NA,0,0,0
"12","04","2012",NA,0,0,0
"12","05","2012",0,0,0,0
"12","06","2012",0,0,0,0
"12","07","2012",0,0,0,0
"12","08","2012",0,0,0,0
"12","09","2012",NA,0,0,0
"12","10","2012",NA,0,0,1
"12","11","2012",NA,0,0,0
"12","12","2012",NA,0,0,0
"12","13","2012",NA,0,0,1
"12","14","2012",NA,0,15,0
"12","15","2012",NA,0,0,0
"12","16","2012",NA,0,0,0
"12","17","2012",NA,0,0,0
"12","18","2012",NA,0,0,0
"12","19","2012",NA,0,0,0
"12","20","2012",NA,0,3,0
"12","21","2012",NA,38.6,5,0
"12","22","2012",NA,8.4,0,1.5
"12","23","2012",NA,0,0,0
"12","24","2012",NA,0,0,0
"12","25","2012",NA,0,0,12.2
"12","26","2012",NA,0,0,0
"12","27","2012",NA,0,0,0
"12","28","2012",NA,0,0,0
"12","29","2012",NA,0,0,0
"12","30","2012",NA,0,0,0
"12","31","2012",NA,0,0,0
"01","01","2013",NA,0,0,0
"01","02","2013",NA,0,0,0
"01","03","2013",NA,0,0,0
"01","04","2013",NA,0,0,0
"01","05","2013",NA,0,0,0
"01","06","2013",NA,0,0,0
"01","07","2013",NA,0,0,0
"01","08","2013",NA,0,0,0
"01","09","2013",NA,0,0,0
"01","10","2013",NA,0,0,0
"01","11","2013",NA,0,0,0
"01","12","2013",NA,0,0,0
"01","13","2013",NA,0,0,0
"01","14","2013",NA,0,0,0
"01","15","2013",NA,0,0,0
"01","16","2013",NA,0,0,0
"01","17","2013",NA,0,0,0
"01","18","2013",NA,0,0,0
"01","19","2013",NA,0,0,0
"01","20","2013",NA,0,0,0
"01","21","2013",NA,0,0,0
"01","22","2013",NA,0,0,0
"01","23","2013",NA,0,0,0
"01","24","2013",NA,0,0,0
"01","25","2013",NA,0,0,0
"01","26","2013",NA,0,0,0
"01","27","2013",NA,0,0,0
"01","28","2013",NA,0,0,0
"01","29","2013",NA,0,0,0
"01","30","2013",NA,0,0,0
"01","31","2013",NA,0,0,0
"02","01","2013",NA,0,0,0
"02","02","2013",NA,0,0,0
"02","03","2013",NA,0,0,0
"02","04","2013",NA,0,0,0
"02","05","2013",NA,0,0,0
"02","06","2013",NA,0,0,0
"02","07","2013",NA,0,0,1.3
"02","08","2013",NA,0,0,1.1
"02","09","2013",NA,0,0,0.3
"02","10","2013",NA,0,0,0
"02","11","2013",NA,0,0,0
"02","12","2013",NA,0,0,0
"02","13","2013",NA,0,0,0
"02","14","2013",NA,0,0,0
"02","15","2013",NA,0,0,0
"02","16","2013",NA,0,0,0
"02","17","2013",NA,0,0,0
"02","18","2013",NA,0,0,0
"02","19","2013",NA,0,0,0
"02","20","2013",NA,0,0,0
"02","21","2013",NA,0,0,0
"02","22","2013",NA,0,0,0
"02","23","2013",NA,0,0,0
"02","24","2013",NA,0,0,0
"02","25","2013",NA,0,0,0
"02","26","2013",NA,0,0,0
"02","27","2013",NA,0,0,0
"02","28","2013",NA,0,4,3.4
"03","01","2013",NA,0,0,0
"03","02","2013",NA,0,0,0
"03","03","2013",NA,0,0,0.4
"03","04","2013",NA,0,0,0
"03","05","2013",NA,0,0,0
"03","06","2013",NA,0,0,0
"03","07","2013",NA,0,0,0
"03","08","2013",NA,0,0,0
"03","09","2013",NA,0,0,0.1
"03","10","2013",NA,0,0,0
"03","11","2013",NA,0,7,0
"03","12","2013",NA,0,0,0
"03","13","2013",NA,0,0,0
"03","14","2013",NA,0,0,0
"03","15","2013",NA,0,0,0
"03","16","2013",NA,24.6,2,0
"03","17","2013",NA,0,0,0
"03","18","2013",NA,0,0,0
"03","19","2013",NA,0,0,0
"03","20","2013",NA,0,0,0
"03","21","2013",NA,0,0,0
"03","22","2013",NA,0,4,0
"03","23","2013",NA,0,0,43.6
"03","24","2013",NA,0,2,0
"03","25","2013",NA,0,0,0
"03","26","2013",NA,0,0,0
"03","27","2013",NA,0,0,0
"03","28","2013",NA,41.8,12,9.9
"03","29","2013",NA,0,3,27.8
"03","30","2013",NA,0,29,0
"03","31","2013",NA,0,0,0
"04","01","2013",NA,0,0,0
"04","02","2013",NA,0,0,0
"04","03","2013",NA,0,0,0
"04","04","2013",NA,0,0,0
"04","05","2013",NA,0,0,0
"04","06","2013",NA,0,0,0
"04","07","2013",NA,0,0,0
"04","08","2013",NA,0,0,0
"04","09","2013",NA,0,7,0
"04","10","2013",NA,0,0,0
"04","11","2013",NA,0,20,0
"04","12","2013",NA,0,14,0
"04","13","2013",NA,14.8,8,0.3
"04","14","2013",NA,16.4,0,19.6
"04","15","2013",NA,0,0,0
"04","16","2013",NA,9.8,0,0
"04","17","2013",NA,98.8,0,0
"04","18","2013",NA,0,50,1.8
"04","19","2013",NA,0,20,0.8
"04","20","2013",NA,0,0,3.1
"04","21","2013",NA,0,16,0
"04","22","2013",NA,21.8,11,0
"04","23","2013",NA,0,0,68.1
"04","24","2013",NA,24.8,0,0
"04","25","2013",NA,66.4,0,0
"04","26","2013",NA,0,11,36.7
"04","27","2013",NA,0,0,1
"04","28","2013",NA,0,29,0
"04","29","2013",NA,26.8,5,0.9
"04","30","2013",NA,0,15,1.7
"05","01","2013",NA,11.6,45,8.2
"05","02","2013",NA,0,0,4.3
"05","03","2013",NA,38.6,0,0
"05","04","2013",NA,0,46,50.4
"05","05","2013",NA,23.8,0,0.1
"05","06","2013",0,0,65,64.2
"05","07","2013",0,18.6,0,0.7
"05","08","2013",0,0,85,3.1
"05","09","2013",NA,0,0,1.5
"05","10","2013",NA,0,0,0
"05","11","2013",NA,0,0,0
"05","12","2013",NA,16.8,11,0
"05","13","2013",NA,0,10,5.5
"05","14","2013",NA,0,0,0.7
"05","15","2013",NA,82.6,0,0
"05","16","2013",0,0,12,0
"05","17","2013",NA,0,0,0
"05","18","2013",NA,0,32,0.4
"05","19","2013",NA,0,51,19.2
"05","20","2013",NA,0,10,1.3
"05","21","2013",NA,14.6,0,0.2
"05","22","2013",NA,0,12,62.3
"05","23","2013",NA,0,0,3
"05","24","2013",NA,0,0,0.6
"05","25","2013",NA,9.8,0,0
"05","26","2013",NA,0,12,0
"05","27","2013",NA,8.8,8,21.1
"05","28","2013",NA,0,2,5.8
"05","29","2013",NA,9.4,0,0
"05","30","2013",NA,0,0,0.1
"05","31","2013",NA,0,2,1.7
"06","01","2013",NA,0,61,21.3
"06","02","2013",NA,42.8,15,8.2
"06","03","2013",NA,0,18,19.6
"06","04","2013",NA,0,2,0
"06","05","2013",NA,14.2,3,0.3
"06","06","2013",NA,24.6,51,11.1
"06","07","2013",NA,0,9,27.7
"06","08","2013",NA,0,8,0.1
"06","09","2013",NA,9.6,0,0
"06","10","2013",NA,13.8,0,5.8
"06","11","2013",NA,0,0,6.7
"06","12","2013",NA,18.4,2,3.6
"06","13","2013",NA,32.6,41,23
"06","14","2013",NA,0,13,20.9
"06","15","2013",NA,0,3,2.8
"06","16","2013",NA,0,18,0
"06","17","2013",NA,2.4,0,25.1
"06","18","2013",NA,0,0,11.3
"06","19","2013",NA,13.8,0,3.5
"06","20","2013",NA,18.4,0,40.9
"06","21","2013",NA,0,25,0.5
"06","22","2013",NA,12.4,6,0
"06","23","2013",NA,11.6,30,16.3
"06","24","2013",NA,0,5,25.6
"06","25","2013",NA,0,2,8.8
"06","26","2013",NA,0,0,0
"06","27","2013",NA,0,0,1
"06","28","2013",NA,0,0,0
"06","29","2013",NA,0,0,2.7
"06","30","2013",NA,14.2,38,14.2
"07","01","2013",NA,0,34,24.6
"07","02","2013",0.1,0,0,0
"07","03","2013",NA,0,0,0
"07","04","2013",NA,0,0,0
"07","05","2013",NA,0,0,52.1
"07","06","2013",NA,24.8,0,0
"07","07","2013",NA,0,0,0
"07","08","2013",NA,22.8,2,0
"07","09","2013",NA,0,11,12
"07","10","2013",0,0,0,3.5
"07","11","2013",NA,0,0,0
"07","12","2013",NA,0,0,0
"07","13","2013",NA,24.8,0,0
"07","14","2013",NA,41.6,2,7.6
"07","15","2013",NA,14.6,11,2.1
"07","16","2013",NA,0,22,13.5
"07","17","2013",NA,0,3,0
"07","18","2013",NA,25.8,11,0
"07","19","2013",NA,34.6,0,11
"07","20","2013",NA,0,30,10.4
"07","21","2013",NA,0,0,6.5
"07","22","2013",NA,14.6,0,12
"07","23","2013",NA,0,21,5.3
"07","24","2013",NA,42.8,0,0.1
"07","25","2013",15.6,0,2,20.7
"07","26","2013",0.7,0,0,3
"07","27","2013",0,0,0,0
"07","28","2013",0,0,0,9.8
"07","29","2013",11.6,0,0,1.1
"07","30","2013",0.3,0,0,0.3
"07","31","2013",0,38.8,42,0.7
"08","01","2013",3.5,16.4,9,15.8
"08","02","2013",46,0,24,34.5
"08","03","2013",0.2,0,11,2.4
"08","04","2013",0,0,0,23.2
"08","05","2013",0,0,0,0
"08","06","2013",0,0,0,0
"08","07","2013",7.6,0,0,8.3
"08","08","2013",0,0,0,0.3
"08","09","2013",0.1,0,2,0.1
"08","10","2013",0,24.8,16,45.7
"08","11","2013",0.2,8.4,0,33.3
"08","12","2013",0.1,0,0,0.5
"08","13","2013",0,0,0,0
"08","14","2013",31.3,54.6,0,0
"08","15","2013",8.7,0,0,11.5
"08","16","2013",0.9,36.2,0,7.8
"08","17","2013",6.2,0,0,8.7
"08","18","2013",0.1,0,0,0
"08","19","2013",0,0,21,0.1
"08","20","2013",0,0,6,10.2
"08","21","2013",4.8,0,0,7.4
"08","22","2013",1.6,0,0,9.3
"08","23","2013",0.1,0,0,0
"08","24","2013",0.1,0,6,0.8
"08","25","2013",9.9,0,0,3.7
"08","26","2013",0,0,0,9.7
"08","27","2013",0.8,0,0,0.2
"08","28","2013",0,0,0,12.1
"08","29","2013",2,0,0,0
"08","30","2013",0.7,0,0,0.4
"08","31","2013",0,0,0,0
"09","01","2013",0,0,0,0
"09","02","2013",0,6.4,0,0
"09","03","2013",0.1,0,0,10.5
"09","04","2013",3.2,0,0,0.3
"09","05","2013",0.3,0,0,19
"09","06","2013",0,48.6,6,7.4
"09","07","2013",0.8,8.2,10,0.1
"09","08","2013",3.9,0,0,0
"09","09","2013",30.6,36.8,3,8.2
"09","10","2013",0.2,0,0,0
"09","11","2013",3.8,0,0,0
"09","12","2013",0,0,0,0
"09","13","2013",8.2,0,0,0
"09","14","2013",17.9,18.6,46,2.8
"09","15","2013",19.5,48.8,34,14.8
"09","16","2013",0.1,0,21,10.6
"09","17","2013",16.6,18.4,6,4.5
"09","18","2013",0.1,0,38,16.9
"09","19","2013",0,0,0,0
"09","20","2013",0.1,0,0,0
"09","21","2013",0,0,0,0
"09","22","2013",0,18.8,0,3.8
"09","23","2013",0.3,4.8,0,0
"09","24","2013",0,4.6,8,38.7
"09","25","2013",0.6,8.8,17,4.4
"09","26","2013",11.6,0,18,5.4
"09","27","2013",0.3,0,0,0
"09","28","2013",0,58.6,0,0
"09","29","2013",22.4,0,38,30.9
"09","30","2013",0.1,24.4,0,0
"10","01","2013",8.7,0,18,42.5
"10","02","2013",0,48.6,0,0
"10","03","2013",8.1,0,0,26.2
"10","04","2013",16.3,0,0,9.5
"10","05","2013",0.2,58.4,0,0
"10","06","2013",0,0,0,0
"10","07","2013",0.6,0,0,0
"10","08","2013",0.2,0,0,0.8
"10","09","2013",0,0,0,0
"10","10","2013",0,0,0,0
"10","11","2013",0,18.2,10,0
"10","12","2013",0,0,0,2.6
"10","13","2013",0,0,0,0
"10","14","2013",1.3,0,0,0.5
"10","15","2013",0,0,0,0
"10","16","2013",0.3,33.8,22,49.1
"10","17","2013",17.4,0,0,0
"10","18","2013",0,0,0,0
"10","19","2013",0,0,0,0
"10","20","2013",18.5,34.8,5,0.3
"10","21","2013",0.4,16.6,10,5.1
"10","22","2013",17.3,28.4,0,0.4
"10","23","2013",18.4,0,0,27.4
"10","24","2013",0.1,0,0,0
"10","25","2013",0.1,0,3,9.4
"10","26","2013",0.1,0,0,0.9
"10","27","2013",0.2,0,0,0
"10","28","2013",0.1,0,0,0
"10","29","2013",0,36.8,0,0
"10","30","2013",0.1,0,18,0
"10","31","2013",3.1,34.6,35,0
"11","01","2013",8.5,0,2,0
"11","02","2013",0.1,18.2,0,0
"11","03","2013",3,0,0,10.2
"11","04","2013",31.6,0,25,19.7
"11","05","2013",0.2,0,11,0
"11","06","2013",0.6,0,0,18.3
"11","07","2013",10.8,0,5,6.3
"11","08","2013",0.5,0,16,0
"11","09","2013",0,0,19,6.1
"11","10","2013",0.2,28.4,2,3.6
"11","11","2013",0.1,0,0,0
"11","12","2013",0,0,0,0
"11","13","2013",0,0,0,0.1
"11","14","2013",0,0,0,0.5
"11","15","2013",0.6,0,15,16.8
"11","16","2013",0,0,0,0
"11","17","2013",0,0,0,0
"11","18","2013",0,54.8,0,0
"11","19","2013",0,0,0,0
"11","20","2013",0,24.6,0,0
"11","21","2013",0,0,0,0
"11","22","2013",0,14.8,0,10.5
"11","23","2013",1.3,0,7,0
"11","24","2013",0.1,0,0,0
"11","25","2013",0,0,2,0
"11","26","2013",1.4,0,20,0
"11","27","2013",0,23.6,1,0.1
"11","28","2013",0,0,0,0
"11","29","2013",0,0,0,0
"11","30","2013",0,0,0,0
"12","01","2013",0,0,0,0
"12","02","2013",5,0,39,5.6
"12","03","2013",0.1,0,0,0
"12","04","2013",0,0,0,0
"12","05","2013",0,0,3,0
"12","06","2013",0,0,0,0.7
"12","07","2013",0,0,0,0
"12","08","2013",0,0,8,0
"12","09","2013",0,0,0,0
"12","10","2013",0,34.6,0,0
"12","11","2013",0,0,50,0.1
"12","12","2013",1.4,0,0,0.6
"12","13","2013",0,0,12,0
"12","14","2013",0,0,0,0.4
"12","15","2013",0,0,0,0
"12","16","2013",0,0,0,0
"12","17","2013",0,0,0,0
"12","18","2013",0,0,0,0
"12","19","2013",0,0,0,0
"12","20","2013",0,0,0,0
"12","21","2013",0,0,0,0
"12","22","2013",0,0,0,0
"12","23","2013",0,0,0,0
"12","24","2013",0,0,0,0
"12","25","2013",0,0,0,0
"12","26","2013",0,0,0,0
"12","27","2013",0,0,0,0
"12","28","2013",0,0,0,0
"12","29","2013",0,0,0,0
"12","30","2013",0,0,0,0
"12","31","2013",0,0,5,0
